Título;ISSN impresa;ISSN en linea;Instituto;Editora;URL
Patristica et Mediaevalia;0325-2280;2683-9636;Universidad de Buenos Aires, Facultad de Filosofía y Letras, Sección de Estudios de Filosofía Medieval;Universidad de Buenos Aires;https://doaj.org/toc/2683-9636
Proyecciones;1850-6542;2618-5474;Universidad Nacional de La Plata;Universidad Nacional de La Plata;https://doaj.org/toc/2618-5474
Tópicos;1666-485X;1668-723X;Universidad Nacional del Litoral;Asociación Revista de Filosofía de Santa Fe;https://doaj.org/toc/1668-723X
Evidencia. Actualización en la Práctica Ambulatoria;1667-5703;1851-9776;;Fundacion MF;https://doaj.org/toc/1851-9776
Marine and Fishery Sciences;;2683-7951;;Instituto Nacional de Investigación y Desarrollo Pesquero (INIDEP);https://doaj.org/toc/2683-7951
Argentinian Journal of Respiratory and Physical Therapy;;2618-4095;;Asociación Civil Científica de Difusión y Promoción de la Kinesiología;https://doaj.org/toc/2618-4095
Pensum;;2469-0724;Universidad Nacional de Córdoba, Facultad de Arquitectura, Urbanismo y Diseño, Instituto de Investigación de Vivienda y Hábitat;Universidad Nacional de Córdoba;https://doaj.org/toc/2469-0724
Revista Quebracho;0328-0543;1851-3026;Universidad Nacional de Santiago del Estero, Facultad de Ciencias Forestales;Universidad Nacional de Santiago del Estero;https://doaj.org/toc/1851-3026
Quid 16;;2250-4060;Universidad de Buenos Aires, Instituto de Investigaciones Gino Germani;Universidad de Buenos Aires;https://doaj.org/toc/2250-4060
Identidades;;2250-5369;Instituto de Estudios Sociales y Políticos de la Patagonia;Universidad Nacional de la Patagonia San Juan Bosco;https://doaj.org/toc/2250-5369
Cuadernos de Historia del Arte;0070-1688;2618-5555;Universidad Nacional de Cuyo. Facultad de Filosofía y Letras. Insstituto de Historia del Arte;Universidad Nacional de Cuyo. Facultad de Filosofía y Letras. Insstituto de Historia del Arte;https://doaj.org/toc/2618-5555
Anales (Asociación Física Argentina);0327-358X;1850-1168;Asociacion Fisica Argentina;CEILAP-UNIDEF-CONICET-CITEDEF;https://doaj.org/toc/1850-1168
Anuario del Centro de Estudios Históricos "Profesor Carlos S. A. Segreti";1666-6836;2683-9164;;Centro de Estudios Históricos Segreti;https://doaj.org/toc/2683-9164
Prohistoria;1514-0032;1851-9504;;Grupo Prohistoria;https://doaj.org/toc/1851-9504
Revista de Psicología;1669-2438;2469-2050;;Pontificia Universidad Católica Argentina. Facultad de Psicología y Psicopedagogía;https://doaj.org/toc/2469-2050
ConCienciaSocial;;2591-5339;Universidad Nacional de Córdoba, Facultad de Ciencias Sociales, Dirección de Carrera de Licenciatura en Trabajo Social;Universidad Nacional de Córdoba;https://doaj.org/toc/2591-5339
Revista Argentina de Radiología;0048-7619;1852-9992;Sociedad Argentina de Radiología (SAR) and Federación Argentina de Asociaciones de Radiología, Diagnóstico por Imágenes y Terapia Radiante (FAARDIT).;Publicaciones Permanyer;https://doaj.org/toc/1852-9992
Revista TEFROS;;1669-726X;Universidad Nacional de Río Cuarto, Taller de Etnohistoria de la Frontera Sur;Universidad Nacional de Río Cuarto;https://doaj.org/toc/1669-726X
Geograficando;1850-1885;2346-898X;Facultad de Humanidades y Ciencias de la Educación, Departamento de Geografía;Universidad Nacional de La Plata;https://doaj.org/toc/2346-898X
Revista Latinoamericana de la Papa;;1853-4961;;Asociación Latinoamericana de la Papa;https://doaj.org/toc/1853-4961
Revista de la Sociedad Entomológica Argentina;0373-5680;1851-7471;;Sociedad Entomológica Argentina;https://doaj.org/toc/1851-7471
Revista de la Escuela de Antropología;1852-1576;2618-2998;;Universidad Nacional de Rosario, Facultad de Humanidades y Artes, Escuela de Antropología.;https://doaj.org/toc/2618-2998
Virtualidad, Educación y Ciencia;;1853-6530;Universidad Nacional de Córdoba;Maestría en Procesos Educativos Mediados por Tecnología;https://doaj.org/toc/1853-6530
Sociedades Precapitalistas;;2250-5121;Facultad de Humanidades y Ciencias de la Educación, Centro de Estudios de Historia Social Europea;Universidad Nacional de La Plata;https://doaj.org/toc/2250-5121
Revista Pares;;2718-8582;Red Académica Pares;Red Académica Pares;https://doaj.org/toc/2718-8582
Cuadernos del CILHA;1515-6125;1852-9615;Centro Interdisciplinario de Literatura Hispanoamericana;Universidad Nacional de Cuyo;https://doaj.org/toc/1852-9615
Revista Latinoamericana de Estudios Rurales;;2525-1635;Asociación Latinoamericana de Sociología Rural;Asociación Latinoamericana de Sociología Rural , CEIL-CONICET;https://doaj.org/toc/2525-1635
Revista Argentina de Microbiología;0325-7541;1851-7617;Asociación Argentina de Microbiología;Elsevier España;https://doaj.org/toc/1851-7617
Auster;;2346-8890;Centro de Estudios Latinos. IdIHCS (UNLP-CONICET);Universidad Nacional de La Plata, Facultad de Humanidades y Ciencias de la Educación;https://doaj.org/toc/2346-8890
Zona Franca;;2545-6504;Centro de Estudios Interdisciplinarios de las Mujeres, Maestría en Poder y Sociedad desde la Problemática del Género;Centro de Estudios Interdisciplinarios de las Mujeres;https://doaj.org/toc/2545-6504
Revista de Estudios Clásicos;0325-3465;2469-0643;Instituto de Lenguas y Literaturas Clásicas;Universidad Nacional de Cuyo;https://doaj.org/toc/2469-0643
Revista Electrónica de Fuentes y Archivos;;1853-4503;;Centro de Esudios Históricos "Prof. Carlos S .A. Segreti";https://doaj.org/toc/1853-4503
Acta Toxicológica Argentina;0327-9286;1851-3743;;Asociación Toxicológica Argentina;https://doaj.org/toc/1851-3743
Ética & Cine;2250-5660;2250-5415;Universidad de Buenos Aires, Facultad de Psicología;Universidad Nacional de Córdoba (UNC);https://doaj.org/toc/2250-5415
Cartografías del Sur;2422-7951;2422-6920;Universidad Nacional de Avellaneda, Secretaría de Investigación e Innovación Productiva;Universidad Nacional de Avellaneda;https://doaj.org/toc/2422-6920
Cuestiones de Sociología;;2346-8904;Facultad de Humanidades y Ciencias de la Educación, Departamento de Sociología;Universidad Nacional de La Plata;https://doaj.org/toc/2346-8904
Con X;;2469-0333;Universidad Nacional de La Plata, Facultad de Periodismo y Comunicación Social;Universidad Nacional de La Plata, Facultad de Periodismo y Comunicación Social;https://doaj.org/toc/2469-0333
Perspectivas de las Ciencias Económicas y Jurídicas;2250-4087;2545-8566;Universidad Nacional de La Pampa, Facultad de Ciencias Económicas y Jurídicas;Universidad Nacional de La Pampa;https://doaj.org/toc/2545-8566
Oficios Terrestres;1668-5431;1853-3248;Universidad Nacional de la Plata, Facultad de Periodismo y Comunicación Social;Universidad Nacional de la Plata;https://doaj.org/toc/1853-3248
Astrolabio: Nueva Época;;1668-7515;Centro de Investigaciones y Estudios sobre Cultura y Sociedad (CIECS);Universidad Nacional de Córdoba;https://doaj.org/toc/1668-7515
Sociohistórica;;1852-1606;Facultad de Humanidades y Ciencias de la Educación, Centro de Investigaciones Socio Históricas;Universidad Nacional de La Plata;https://doaj.org/toc/1852-1606
Hipertextos;2314-3916;2314-3924;Universidad de Buenos Aires (UBA), Universidad Maimónides, Universidad Nacional de La Plata (UNLP), Universidad Nacional de Rafaela (UNRaf);Universidad Nacional de La Plata;https://doaj.org/toc/2314-3924
Argumentos;;2525-0469;Centro de Perfeccionamiento "Ricardo C. Nuñez" del Poder Judicial de la Provincia de Córdoba;Centro de Perfeccionamiento "Ricardo C. Nuñez" del Poder Judicial de la Provincia de Córdoba;https://doaj.org/toc/2525-0469
Investigaciones y Ensayos;0539-242X;2545-7055;Academia Nacional de la Historia de la República Argentina;Academia Nacional de la Historia de la Republica Argentina;https://doaj.org/toc/2545-7055
Documentos y Aportes en Administración Pública y Gestión Estatal;1666-4124;1851-3727;;Universidad Nacional del Litoral;https://doaj.org/toc/1851-3727
Ñeatá;;2718-7268;;Universidad Nacional del Nordeste;https://doaj.org/toc/2718-7268
Quinto Sol;0329-2665;1851-2879;Universidad Nacional de La Pampa. Facultad de Ciencias Humanas. Instituto de Estudios Sociohistóricos;Instituto de Estudios Sociohistóricos, Facultad de Ciencias Humanas, Universidad Nacional de La Pampa;https://doaj.org/toc/1851-2879
Ensayos de Política Económica;1853-6999;2313-979X;Pontificia Universidad Católica Argentina;Pontificia Universidad Católica Argentina;https://doaj.org/toc/2313-979X
Intersecciones en Comunicación;1515-2332;2250-4184;;Universidad Nacional del Centro de la Provincia de Buenos Aires, Facultad de Ciencias Sociales;https://doaj.org/toc/2250-4184
Acta Gastroenterológica Latinoamericana;0300-9033;2469-1119;Sociedad Argentina de Gastroenterología;Sociedad Argentina de Gastroenterología;https://doaj.org/toc/2469-1119
Arquitecno;0328-0896;2683-9881;Universidad Nacional del Nordeste, Facultad de Arquitectura y Urbanismo;Universidad Nacional del Nordeste;https://doaj.org/toc/2683-9881
Revista Argentina de Terapia Intensiva;;2591-3387;;Sociedad Argentina de Terapia Intensiva;https://doaj.org/toc/2591-3387
Agriscientia;0327-6244;1668-298X;;Facultad de Ciencias Agropecuarias, Universidad Nacional de Córdoba;https://doaj.org/toc/1668-298X
BAG. Journal of Basic and Applied Genetics;;1852-6233;Sociedad Argentina de Genética;Sociedad Argentina de Genética;https://doaj.org/toc/1852-6233
Ab Intus;;2618-2734;Universidad Nacional de Río Cuarto;Universidad Nacional de Río Cuarto. Facultad de Agronomía y Veterinaria;https://doaj.org/toc/2618-2734
Folia Histórica del Nordeste;0325-8238;2525-1627;Universidad Nacional del Nordeste, Instituto de Investigaciones Geohistóricas - CONICET;Universidad Nacional del Nordeste;https://doaj.org/toc/2525-1627
Revista Latinoamericana de Estudios sobre Cuerpos, Emociones y Sociedad;;1852-8759;;Universidad de Córdova, Consejo Nacional de Investigaciones Científicas y Técnicas;https://doaj.org/toc/1852-8759
Revista Lecciones y Ensayos;0024-0079;2362-4620;Universidad de Buenos Aires, Facultad de Derecho;Editorial Universitaria de Buenos Aires;https://doaj.org/toc/2362-4620
Del Prudente Saber y el Máximo Posible de Sabor;1515-3576;2618-4141;;Universidad Nacional de Entre Ríos. Facultad de Ciencias de la Educación;https://doaj.org/toc/2618-4141
Ciencia Veterinaria;1515-1883;1853-8495;;Universidad Nacional de La Pampa, Facultad de Ciencias Veterinarias;https://doaj.org/toc/1853-8495
Cuadernos del CURIHAM;;2683-8168;Centro Universitario Rosario de Investigaciones Hidroambientales;Universidad Nacional de Rosario;https://doaj.org/toc/2683-8168
Temas de Historia Argentina y Americana;1666-8146;2618-1924;Universidad Católica Argentina;Instituto de Historia Argentina y Americana;https://doaj.org/toc/2618-1924
Anales de Historia Antigua, Medieval y Moderna;1514-9927;1853-1555;Universidad de Buenos Aires, Facultad de Filosofía y Letras, Instituto de Historia Antigua y Medieval;Universidad de Buenos Aires, Facultad de Filosofía y Letras;https://doaj.org/toc/1853-1555
Revista Argentina de Ciencias del Comportamiento;;1852-4206;Asociación Argentina de Ciencias del Comportamiento;Universidad Nacional de Córdoba;https://doaj.org/toc/1852-4206
Orbis Tertius;;1851-7811;Universidad Nacional de La Plata, Facultad de Humanidades y Ciencias de la Educación, Centro de Teoría y Crítica Literaria;Universidad Nacional de La Plata;https://doaj.org/toc/1851-7811
Recial;;1853-4112;Universidad Nacional de Córdoba, Facultad de Filosofia y Humanidades, Centro de Investigaciones, Área Letras;Universidad Nacional de Córdoba;https://doaj.org/toc/1853-4112
Revista del Instituto Superior de Música;1666-7603;2362-3322;Universidad Nacional del Litoral;Instituto Superior de Música;https://doaj.org/toc/2362-3322
Revista de la Escuela de Ciencias de la Educación;1851-6297;2362-3349;Universidad Nacional de Rosario, Facultad de Humanidades y Artes, Escuela de Ciencias de la Educación;Laborde Editor;https://doaj.org/toc/2362-3349
Siglo Dieciocho;;2684-0553;;Asociación Argentina de Estudios del Siglo XVIII;https://doaj.org/toc/2684-0553
RiHumSo;;2250-8139;Universidad Nacional de La Matanza;Departamento de Humanidades y Ciencias Sociales;https://doaj.org/toc/2250-8139
Avatares de la Comunicación y la Cultura;;1853-5925;Carrera de Ciencias de la Comunicación de la Facultad de Ciencias Sociales UBA;Dirección de la Carrera de Ciencias de la Comunicación de la Facultad de Ciencias Sociales UBA;https://doaj.org/toc/1853-5925
Cuaderno Urbano;1666-6186;1853-3655;Universidad Nacional del Nordeste. Facultad de Arquitectura y Urbanismo;Universidad Nacional del Nordeste;https://doaj.org/toc/1853-3655
Anuario de Arqueología;1852-8554;2684-0138;Universidad Nacional de Rosario, Departamento de Arqueolgía, Escuela de Antropología, Facultad de Humanidades y Artes;Universidad Nacional de Rosario;https://doaj.org/toc/2684-0138
Temas y Debates;1666-0714;1853-984X;Universidad Nacional de Rosario, Facultad de Ciencia Política y Relaciones Internacionales;Universidad Nacional de Rosario;https://doaj.org/toc/1853-984X
Anclajes;0329-3807;1851-4669;Instituto de Investigaciones Literarias y Discursivas;Universidad Nacional de La Pampa;https://doaj.org/toc/1851-4669
Intersecciones en Antropología;1666-2105;1850-373X;;Universidad Nacional del Centro de la Provincia de Buenos Aires;https://doaj.org/toc/1850-373X
Nuestras Aves;0326-7725;;;Aves Argentinas - Departamento Científico;https://doaj.org/toc/0326-7725
Revista de Educación Matemática;0326-8780;1852-2890;Unión Matemática Argentina;Universidad Nacional de Córdoba, Facultad de Matemática, Astronomía, Física y Computación;https://doaj.org/toc/1852-2890
Papeles del Centro de Investigaciones de la Facultad de Ciencias Jurídicas y Sociales;1853-2845;2591-2852;;Universidad Nacional del Litoral;https://doaj.org/toc/2591-2852
Perspectivas Revista de Ciencias Sociales;;2525-1112;Centro de Investigaciones en Política y Economía Internacional (CIPEI);Universidad Nacional de Rosario;https://doaj.org/toc/2525-1112
Clepsidra;;2362-2075;;Instituto de Desarrollo Económico y Social-Consejo Nacional de Investigaciones Científicas y Técnicas;https://doaj.org/toc/2362-2075
Antiguos Jesuitas en Iberoamérica;;2314-3908;Centro de Investigaciones y Estudios sobre Cultura y Sociedad (CIECS) - Consejo Nacional de Investigaciones Científicas y Técnicas (CONICET) - Universidad Nacional de Córdoba (UNC);Centro de Investigaciones sobre Cultura y Sociedad, Consejo Nacional de Investigaciones Científicas y Técnicas, Universidad Nacional de Córdoba;https://doaj.org/toc/2314-3908
Proyección;;1852-0006;Instituto de Cartografía, Investigación y Formación para el Ordenamiento Territorial. Universidad Nacional de Cuyo;Universidad Nacional de Cuyo;https://doaj.org/toc/1852-0006
Artroscopia;1851-2828;1853-4759;Asociacion Argentina de Artroscopia;Asociacion Argentina de Artroscopia;https://doaj.org/toc/1853-4759
Intersticios;;2250-6543;Universidad Nacional de Córdoba, Facultad de Filosofía y Humanidades, Centro de Investigaciones;Universidad Nacional de Córdoba;https://doaj.org/toc/2250-6543
Registros;;2250-8112;Universidad Nacional de Mar del Plata, Facultad de Arquitectura, Urbanismo y Diseño;Universidad Nacional de Mar del Plata;https://doaj.org/toc/2250-8112
Estudios de Filosofía Práctica e Historia de las Ideas;1515-7180;1851-9490;Grupo de investigación de Filosofía Práctica e Historia de las Ideas INCIHUSA Instituto de Ciencias Humanas, Sociales y Ambientales CCT Centro Científico Tecnológico Mendoza - CONICET;Grupo de investigación de Filosofía Práctica e Historia de las Ideas INCIHUSA Instituto de Ciencias Humanas, Sociales y Ambientales CCT Centro Científico Tecnológico Mendoza - CONICET;https://doaj.org/toc/1851-9490
Scripta Ethnologica;0325-6669;1669-0990;;Centro Argentino de Etnología Americana;https://doaj.org/toc/1669-0990
Contabilidad y Auditoría;1515-2340;1852-446X;;Universidad de Buenos Aires;https://doaj.org/toc/1852-446X
Informes Científicos y Técnicos (Universidad Nacional de la Patagonia Austral);;1852-4516;;Universidad Nacional de la Patagonia Austral;https://doaj.org/toc/1852-4516
Estudios Rurales;;2250-4001;Universidad Nacional de Quilmes, Centro de Estudios de la Argentina Rural;Universidad Nacional de Quilmes;https://doaj.org/toc/2250-4001
Pampa: Revista Interuniversitaria de Estudios Territoriales;1669-3299;2314-0208;Universidad Nacional del Litoral;Universidad Nacional del Litoral;https://doaj.org/toc/2314-0208
Revista Argentina de Antropología Biológica;1514-7991;1853-6387;;Asociación de Antropología Biológica Argentina;https://doaj.org/toc/1853-6387
Revista del CISEN;;2344-9594;Universidad Nacional de Salta, Centro de Investigaciones Sociales y Educativas del Norte Argentino;Universidad Nacional de Salta;https://doaj.org/toc/2344-9594
Res Gesta;0325-772X;2525-0884;Pontificia Universidad Católica Argentina, Facultad de Derecho y Ciencias Sociales del Rosario, Instituto de Historia;Pontificia Universidad Católica Argentina;https://doaj.org/toc/2525-0884
Revista Tramas y Redes;;2796-9096;Consejo Latinoamericano de Ciencias Sociales;Consejo Latinoamericano de Ciencias Sociales;https://doaj.org/toc/2796-9096
Educación, Formación e Investigación;;2422-5975;;Ministerio de Educación, Dirección General de Educación Superior;https://doaj.org/toc/2422-5975
Artilugio;;2408-462X;National University of Cordoba (UNC), Faculty of Arts, CePIA (Arts Production and Research Center);EdFA - Editorial de la Facultad de Artes UNC;https://doaj.org/toc/2408-462X
E-l@tina: Revista Electrónica de Estudios Latinoamericanos;;1666-9606;Grupo de Estudios de Sociología Histórica de América Latina;Universidad de Buenos Aires;https://doaj.org/toc/1666-9606
Tábano;1852-7221;2591-572X;Pontificia Universidad Católica Argentina;Pontificia Universidad Católica Argentina;https://doaj.org/toc/2591-572X
Revista de la Sociedad Argentina de Diabetes;0325-5247;2346-9420;Sociedad Argentina de Diabetes;Sello Editorial Lugones;https://doaj.org/toc/2346-9420
Hematología;0329-0379;2250-8309;Sociedad Argentina de Hemagología;Sociedad Argentina de Hematología;https://doaj.org/toc/2250-8309
Revista Chuy;;2422-5932;Universidad Nacional de Tres de Febrero, Instituto de Investigaciones en Arte y Cultura "Dr. Norberto Griffa", Programa de Estudios Latinoamericanos, Contemporáneos y Comparados;Universidad Nacional de Tres de Febrero;https://doaj.org/toc/2422-5932
La Aljaba;0328-6169;1669-5704;Universidad Nacional de La Pampa,Universidad Nacional de Luján,Universidad Nacional del Comahue;Universidad Nacional de La Pampa, Universidad Nacional de Luján, Universidad Nacional del Comahue;https://doaj.org/toc/1669-5704
Conflicto Social;;1852-2262;Universidad de Buenos Aires, Facultad de Ciencias Sociales, Instituto de Investigaciones Gino Germani, Programa de Investigaciones sobre Conflicto Social;Universidad de Buenos Aires, Facultad de Ciencias Sociales, Instituto de Investigaciones Gino Germani;https://doaj.org/toc/1852-2262
Revista del Museo de Antropologia;1852-060X;1852-4826;;Museo de Antropologia;https://doaj.org/toc/1852-4826
Párrafos Geográficos;;1853-9424;Universidad Nacional de la Patagonia San Juan Bosco;Instituto de Investigaciones Geográficas de la Patagonia;https://doaj.org/toc/1853-9424
Revista +E;2250-4591;2346-9986;;Universidad Nacional del Litoral;https://doaj.org/toc/2346-9986
Historia & Guerra;;2796-8650;;Facultad de Filosofía y Letras, Universidad de Buenos Aires;https://doaj.org/toc/2796-8650
Anuario del Instituto de Historia Argentina;1668-950X;2314-257X;Facultad de Humanidades y Ciencias de la Educación;Universidad Nacional de La Plata;https://doaj.org/toc/2314-257X
Ciencia del Suelo;0326-3169;1850-2067;Asociacion Argentina de la Ciencia del Suelo;Asociación Argentina de la Ciencia del Suelo;https://doaj.org/toc/1850-2067
Revista IRICE;0327-392X;2618-4052;Instituto Rosario de Investigaciones en Ciencias de la Educacion (IRICE) CONICET/UNR;IRICE (CONICET/UNR);https://doaj.org/toc/2618-4052
Revista Teología;0328-1396;2683-7307;Pontificia Universidad Católica Argentina;Pontificia Universidad Católica Argentina;https://doaj.org/toc/2683-7307
Revista del Museo Argentino de Ciencias Naturales;1514-5158;1853-0400;;Museo Argentino de Ciencias Naturales Bernardino Rivadavia e Instituto Nacional de Investigación de las Ciencias Naturales;https://doaj.org/toc/1853-0400
Geográfica Digital;;1668-5180;Universidad Nacional del Nordeste, Facultad de Humanidades, Instituto de Geografía;Universidad Nacional del Nordeste;https://doaj.org/toc/1668-5180
RASAL Lingüística;2250-7353;2618-3455;;Sociedad Argentina de Estudios Lingüísticos;https://doaj.org/toc/2618-3455
Revista de la Facultad de Ciencias Económicas;1668-6357;1668-6365;Universidad Nacional del Nordeste, Facultad de Ciencias Económicas;Universidad Nacional del Nordeste;https://doaj.org/toc/1668-6365
Studium: Filosofía y Teología;0329-8930;2591-426X;Universidad del Norte Santo Tomás de Aquino;Universidad del Norte Santo Tomás de Aquino;https://doaj.org/toc/2591-426X
Zama;1851-6866;2422-6017;;Universidad de Buenos Aires, Facultad de Filosofía y Letras;https://doaj.org/toc/2422-6017
Anacronismo e Irrupción;;2250-4982;Instituto de Investigaciones Gino Germani;Universidad de Buenos Aires;https://doaj.org/toc/2250-4982
Anuario de Investigaciones;0329-5885;1851-1686;;Facultad de Psicología Universidad de Buenos Aires;https://doaj.org/toc/1851-1686
deSignis;1578-4223;2462-7259;;Federación Latinoamericana de Semiótica (FELS);https://doaj.org/toc/2462-7259
Psocial;;2422-619X;Universidad de Buenos Aires, Facultad de Ciencias Sociales;Universidad de Buenos Aires;https://doaj.org/toc/2422-619X
De Prácticas y Discursos;;2250-6942;Universidad Nacional del Nordeste, Centro de Estudios Sociales;Universidad Nacional del Nordeste;https://doaj.org/toc/2250-6942
Relaciones de la Sociedad Argentina de Antropología;0325-2221;1852-1479;;Sociedad Argentina de Antropología;https://doaj.org/toc/1852-1479
Revista Methodo;;2545-8302;;Universidad Católica de Córdoba;https://doaj.org/toc/2545-8302
Lilloa;0075-9481;2346-9641;Fundación Miguel Lillo;Fundación Miguel Lillo;https://doaj.org/toc/2346-9641
(En)clave Comahue;2545-6466;2545-6393;Universidad Nacional del Comahue, Facultad de Derecho y Ciencias Sociales;Universidad Nacional del Comahue;https://doaj.org/toc/2545-6393
En Letra;;2362-2148;;Ciudad Autónoma de Buenos Aires;https://doaj.org/toc/2362-2148
Boletín Geográfico;0326-1735;2313-903X;;Departamento de Geografía, Facultad de Humanidades, Universidad Nacional del Comahue;https://doaj.org/toc/2313-903X
Revista del Instituto de Investigaciones en Educación;;1853-1393;;Universidad Nacional del Nordeste;https://doaj.org/toc/1853-1393
Arqueologia;0327-5159;1853-8126;Universidad de Buenos Aires. Facultad de Filosofía y Letras. Instituto de Arqueología;Instituto de Arqueología, Facultad de Filosofía y Letras, Universidad de Buenos Aires;https://doaj.org/toc/1853-8126
El Oído Pensante;;2250-7116;Instituto de Ciencias Antropológicas, Facultad de Filosofía y Letras (Universidad de Buenos Aires);Instituto de Ciencias Antropológicas, Facultad de Filosofía y Letras (Universidad de Buenos Aires);https://doaj.org/toc/2250-7116
Caiana: Revista de Historia del Arte y Cultura Visual;;2313-9242;;Centro Argentino de Investigadores de Arte;https://doaj.org/toc/2313-9242
Evaluar;;1667-4545;Universidad Nacional de Córdoba, Facultad de Psicología, Laboratorio de Evaluación Psicológica y Educativa;Universidad Nacional de Córdoba;https://doaj.org/toc/1667-4545
Miríada: Investigación en Ciencias Sociales;1851-9431;2250-4621;Universidad del Salvador, Facultad de Ciencias Sociales, Instituto de Investigación en Ciencias Sociales;Universidad del Salvador;https://doaj.org/toc/2250-4621
Revista de Ciencia y Tecnología;0329-8922;1851-7587;Universidad Nacional de Misiones, Facultad de Ciencias Exactas, Químicas y Naturales, Secretaría de Investigación y Posgrado;Universidad Nacional de Misiones;https://doaj.org/toc/1851-7587
Papers in Physics;;1852-4249;;Papers in Physics;https://doaj.org/toc/1852-4249
Lúdicamente;;2250-723X;;Universidad de Buenos Aires, Instituto de Investigaciones Gino Germani;https://doaj.org/toc/2250-723X
Corpus: Archivos Virtuales de la Alteridad Americana;;1853-8037;;Centro Científico y Tecnológico-CONICET, Mendoza & Universidad Nacional de La Pampa;https://doaj.org/toc/1853-8037
Prismas;1666-1508;1852-0499;Universidad Nacional de Quilmes, Centro de Estudios e Investigaciones, Programa de Historia Intelectual;Universidad Nacional de Quilmes;https://doaj.org/toc/1852-0499
El Jardín de los Poetas;;2469-2131;Universidad Nacional de Mar del Plata, Facultad de Humanidades, Centro de Letras Hispanoamericanas;Universidad Nacional de Mar del Plata;https://doaj.org/toc/2469-2131
Exlibris;;2314-3894;Universidad de Buenos Aires, Facultad de Filosofía y Letras, Departamento de Letras;Universidad de Buenos Aires;https://doaj.org/toc/2314-3894
Pescadora de Perlas;2953-5093;2953-4410;;Universidad Nacional de Córdoba;https://doaj.org/toc/2953-4410
Ideas;;2451-6910;;RAGIF Ediciones;https://doaj.org/toc/2451-6910
Historia Regional;0329-8213;2469-0732;Instituto Superior del Profesorado N° 3 "Eduardo Lafferriére", Villa Constitución;Instituto Superior del Profesorado N° 3 "Eduardo Lafferriére", Villa Constitución;https://doaj.org/toc/2469-0732
Boletín de la Sociedad Argentina de Botánica;0373-580X;1851-2372;Sociedad Argentina de Botánica;Sociedad Argentina de Botánica;https://doaj.org/toc/1851-2372
Revista Latinoamericana de Antropología del Trabajo;;2591-2755;;Centro de Estudios e Investigaciones Laborales (CEIL-CONICET) , Centro de Investigación y Estudios Superiores en Antropología Social (CIESAS-CONACYT);https://doaj.org/toc/2591-2755
La Zaranda de Ideas;1669-7456;1853-1296;;Asociación de Arqueólogos Profesionales de la República Argentina;https://doaj.org/toc/1853-1296
Ciencia, Tecnología y Política;2618-2483;2618-3188;Universidad Nacional de la Plata. Cátedra Libre Ciencia, Política y Sociedad;Universidad Nacional de La Plata;https://doaj.org/toc/2618-3188
Journal of Computer Science and Technology;1666-6046;1666-6038;;Postgraduate Office, School of Computer Science, Universidad Nacional de La Plata;https://doaj.org/toc/1666-6038
ARQUISUR Revista;1853-2365;2250-4206;Asociación de Escuelas y Facultades de Arquitectura Públicas de América del Sur;Ediciones UNL;https://doaj.org/toc/2250-4206
Trabajos y Comunicaciones;;2346-8971;Facultad de Humanidades y Ciencias de la Educación, Departamento de Historia;Universidad Nacional de La Plata;https://doaj.org/toc/2346-8971
Estudios de Historia de España;0328-0284;2469-0961;;Universidad Católica Argentina;https://doaj.org/toc/2469-0961
IESPyC;;2525-1600;;Universidad San Pablo-Tucumán;https://doaj.org/toc/2525-1600
Cuadernos de la Facultad de Humanidades y Ciencias Sociales: Universidad Nacional de Jujuy;0327-1471;1668-8104;FACULTAD DE HUMANIDADES Y CIENCIAS SOCIALES - UNIVERSIDAD NACIONAL DE JUJUY;JOSE E DIPIERRI;https://doaj.org/toc/1668-8104
Revista de Estudios Marítimos y Sociales;1852-0669;2545-6237;Universidad Nacional de Mar del Plata;GESMar;https://doaj.org/toc/2545-6237
Revista Derecho y Salud;2591-3468;2591-3476;Universidad Blas Pascal;Universidad Blas Pascal;https://doaj.org/toc/2591-3476
Cuadernos de Literatura;0326-5102;2684-0499;Universidad Nacional del Nordeste;Instituto de Letras Alfredo Veiravé, Facultad de Humanidades, Universidad Nacional del Nordeste;https://doaj.org/toc/2684-0499
Huellas;0329-0573;2362-5643;Universidad Nacional de La Pampa. Facultad de Ciencias Humanas, Instituto de Geografía;Universidad Nacional de La Pampa. Facultad de Ciencias Humanas;https://doaj.org/toc/2362-5643
CELEHIS;0328-5766;2313-9463;Universidad Nacional de Mar del Plata, Facultad de Humanidades, Centro de Letras Hispanoamericanas;Universidad Nacional de Mar del Plata;https://doaj.org/toc/2313-9463
Revista de Economía Política de Buenos Aires;1850-6933;1853-1350;Universidad de Buenos Aires, Facultad de Ciencias Económicas;Universidad de Buenos Aires, Facultad de Ciencias Económicas;https://doaj.org/toc/1853-1350
Estudios Sociales Contemporáneos;1850-6747;2451-5965;Instituto Multidisciplinario de Estudios Sociales Contemporáneos. Consejo Nacional de Investigaciones Científicas y Técnicas. Facultad de Filosofía y Letras. Universidad Nacional de Cuyo. Argentina;Universidad Nacional de Cuyo;https://doaj.org/toc/2451-5965
Revista Discusiones;1515-7326;2718-6474;;Universidad Nacional del Sur;https://doaj.org/toc/2718-6474
Fave: Sección Ciencias Agrarias;1666-7719;2346-9129;UNL;Universidad Nacional del Litoral;https://doaj.org/toc/2346-9129
Revista Argentina de Estudios de Juventud;;1852-4907;;Universidad Nacional de La Plata, Facultad de Periodismo y Comunicación Social;https://doaj.org/toc/1852-4907
Revista de la Asociación Odontológica Argentina;0004-4881;2683-7226;Asociación Odontológica Argentina;Asociación Odontológica Argentina;https://doaj.org/toc/2683-7226
Comechingonia;0326-7911;2250-7728;Consejo Nacional de Investigaciones Científicas y Técnicas, Centro Argentino de Información Científica y Tecnológica;Centro de Estudios Históricos;https://doaj.org/toc/2250-7728
Revista de la Facultad de Ciencias Médicas de Córdoba;0014-6722;1853-0605;Universidad Nacional de Córdoba, Facultad de Ciencias Médicas;Universidad Nacional de Córdoba;https://doaj.org/toc/1853-0605
Testimonios;;1852-4532;;AHORA, Asociación de Historia Oral de la República Argentina;https://doaj.org/toc/1852-4532
Costos y Gestión;;2545-8329;;Instituto Argentino de Profesores Universitarios de Costos (IAPUCo);https://doaj.org/toc/2545-8329
El Hilo de la Fábula;1667-7900;2362-5651;;Ediciones UNL;https://doaj.org/toc/2362-5651
Archivos de Historia del Movimiento Obrero y la Izquierda;2313-9749;;;Centro de Estudios Históricos de los Trabajadores y las Izquierdas;https://doaj.org/toc/2313-9749
Páginas de Filosofía;0327-5108;1853-7960;Universidad Nacional del Comahue, Facultad de Humanidades, Departamento de Filosofía;Universidad Nacional del Comahue;https://doaj.org/toc/1853-7960
La Trama de la Comunicación;1668-5628;2314-2634;;Universidad Nacional Rosario;https://doaj.org/toc/2314-2634
Revista Pilquen: Sección Psicopedagogía;;1851-3115;Universidad Nacional del Comahue, Centro Universitario Regional Zona Atlántica;Universidad Nacional del Comahue;https://doaj.org/toc/1851-3115
Avances del Cesor;1514-3899;2422-6580;Universidad Nacional de Rosario, Consejo Nacional de Investigaciones Científicas y Técnicas, Nodo Centro de Estudios Sociales Regionales, Unidad Ejecutora Investigaciones Socio-Históricas Regionales;Universidad Nacional de Rosario;https://doaj.org/toc/2422-6580
Económica;0013-0419;1852-1649;;Universidad Nacional de La Plata;https://doaj.org/toc/1852-1649
Signo y Seña;;2314-2189;Universidad de Buenos Aires, Facultad de Filosofía y Letras, Instituto de Lingüística;Universidad de Buenos Aires;https://doaj.org/toc/2314-2189
Políticas de la Memoria;1668-4885;2683-7234;Centro de Documentacion e Investigacion de la Cultura de Izquierdas (CeDInCI);Centro de Documentacion e Investigacion de la Cultura de Izquierdas (CeDInCI);https://doaj.org/toc/2683-7234
Revista del Hospital Italiano de Buenos Aires;;2314-3312;;Instituto Universitario Hospital Italiano de Buenos Aires;https://doaj.org/toc/2314-3312
Aiken Revista de Ciencias Sociales y de la Salud;2796-7395;2796-7506;;Universidad Nacional de Mar del Plata;https://doaj.org/toc/2796-7506
Revista Derechos en Acción;2525-1678;2525-1686;Universidad Nacional de La Plata, Facultad de Ciencias Jurídicas y Sociales;Universidad Nacional de La Plata;https://doaj.org/toc/2525-1686
Palabra Clave [La Plata];1666-2938;1853-9912;Universidad Nacional de La Plata, Facultad de Humanidades y Ciencias de la Educación, Departamento de Bibliotecología;Universidad Nacional de La Plata;https://doaj.org/toc/1853-9912
Revista de la Facultad de Ciencias Agrarias;0370-4661;1853-8665;Universidad Nacional de Cuyo. Facultad de Ciencias Agrarias;Facultad de Ciencias Agrarias. Universidad Nacional de Cuyo;https://doaj.org/toc/1853-8665
Revista Científica;;2525-0396;;Universidad Nacional de Lomas de Zamora;https://doaj.org/toc/2525-0396
Respirar;;2953-3414;Asociación Latinoamericana de Tórax;Respirar;https://doaj.org/toc/2953-3414
Mundo de Antes;;2362-325X;Instituto de Arqueología y Museo, Facultad de Ciencias Naturales e IML, Universidad Nacional de Tucumán;Instituto de Arqueología y Museo, Facultad de Ciencias Naturales e IML, Universidad Nacional de Tucumán;https://doaj.org/toc/2362-325X
Vivienda y Ciudad;;2422-670X;Universidad Nacional de Córdoba, Facultad de Arquitectura, Urbanismo y Diseño, Instituto de Investigación de Vivienda y Hábitat;Universidad Nacional de Córdoba, Argentina;https://doaj.org/toc/2422-670X
Revista de Educación;1853-1318;1853-1326;Universidad Nacional de Mar del Plata, Facultad de Humanidades, Centro de Investigaciones multidisciplinarias en Educación;Universidad Nacional de Mar del Plata;https://doaj.org/toc/1853-1326
El Cardo;1514-7347;1851-1562;Facultad de Ciencias de la Educación - Universidad Nacional de Entre Ríos;Universidad Nacional de Entre Ríos;https://doaj.org/toc/1851-1562
Crítica y Resistencias;;2525-0841;Centro de Estudios Políticos y Sociales de América Latina (CEPSAL), Fundación El llano;Centro de Estudios Políticos y Sociales de América Latina, Fundación El llano;https://doaj.org/toc/2525-0841
Etcétera;;2618-4281;Universidad Nacional de Córdoba,  Centro de Investigaciones de la Facultad de Filosofía y Humanidades;Universidad Nacional de Córdoba;https://doaj.org/toc/2618-4281
Revista del Centro de Estudios de Sociología del Trabajo;1852-4648;1852-494X;Universidad de Buenos Aires. Facultad de Ciencias Económicas. Instituto de Investigaciones en Administración, Contabilidad y Métodos Cuantitativos para la Gestión. Centro de Estudios de Sociología del Trabajo;Universidad de Buenos Aires;https://doaj.org/toc/1852-494X
Magallanica: Revista de Historia Moderna;;2422-779X;Universidad Nacional de Mar del Plata, Facultad de Humanidades, Red de Historia Moderna, Grupo de Investigaciones en Historia de Europa Moderna;Universidad Nacional de Mar del Plata;https://doaj.org/toc/2422-779X
Cuadernos de H Ideas;1851-8206;2313-9048;Facultad de Periodismo y Comunicación Social;Universidad Nacional de La Plata;https://doaj.org/toc/2313-9048
Anuario;1852-5784;2545-8299;Universidad de Buenos Aires. Facultad de Ciencias Económicas. Centro de Estudios Económicos de la Empresa y el Desarrollo;Universidad de Buenos Aires. Facultad de Ciencias Económicas. Centro de Estudios Económicos de la Empresa y el Desarrollo;https://doaj.org/toc/2545-8299
Revista Argentina de Dermatología;0325-2787;1851-300X;Asociación Argentina de Dermatología;Asociación Argentina de Dermatología;https://doaj.org/toc/1851-300X
Ciencia, Docencia y Tecnología;0327-5566;1851-1716;Universidad Nacional de Entre Ríos;Universidad Nacional de Entre Ríos;https://doaj.org/toc/1851-1716
Revista de Educación en Biología;0329-5192;2344-9225;Argentine Association of Biology Teachers (Asociación de Docentes de Biología de Argentina);Argentine Association of Biology Teachers (Asociación de Docentes de Biología de Argentina);https://doaj.org/toc/2344-9225
La Cifra Impar;;2953-3627;;Universidad del Cine;https://doaj.org/toc/2953-3627
Vivomatografías;;2469-0767;Núcleo de Estudios sobre Precine y Cine Silente Latinoamericano;Núcleo de Estudios sobre Precine y Cine Silente Latinoamericano;https://doaj.org/toc/2469-0767
Filología;0071-495X;2422-6009;Instituto de Filología y Literaturas Hispánicas “Dr. Amado Alonso”;Universidad de Buenos Aires, Facultad de Filosofía y Letras;https://doaj.org/toc/2422-6009
Ciencias Económicas;1666-8359;2362-552X;Universidad Nacional del Litoral, Facultad de Ciencias Económicas;Universidad Nacional del Litoral;https://doaj.org/toc/2362-552X
Darwiniana;0011-6793;1850-1702;Instituto de Botánica Darwinion y el Museo Botánico de Córdoba;Instituto de Botánica Darwinion y el Museo Botánico de Córdoba;https://doaj.org/toc/1850-1702
Cuestión Urbana;;2545-6881;Universidad de Buenos Aires, Centro de Estudios de la Ciudad;Universidad de Buenos Aires;https://doaj.org/toc/2545-6881
Revista del IICE;0327-7763;2451-5434;Instituto de Investigaciones en Ciencias de la Educación-FFYL-UBA;Facultad de Filosofía y Letras, Universidad de Buenos Aires;https://doaj.org/toc/2451-5434
Revista Electrónica de Didáctica en Educación Superior;;1853-3159;Universidad de Buenos Aires, Ciclo Básico Común, Biología para el Tercer Milenio;Universidad de Buenos Aires;https://doaj.org/toc/1853-3159
Area;0328-1337;2591-5312;Universidad de Buenos Aires. Facultad de Arquitectura, Diseño y Urbanismo;Universidad de Buenos Aires. Facultad de Arquitectura, Diseño y Urbanismo;https://doaj.org/toc/2591-5312
RIA: Revista Investigaciones Agropecuarias;0325-8718;1669-2314;Instituto Nacional de Tecnología Agropecuaria (INTA);Instituto Nacional de Tecnología Agropecuaria (INTA);https://doaj.org/toc/1669-2314
Nuevo Itinerario;;1850-3578;Universidad Nacional del Nordeste, Facultad de Humanidades, Instituto de Filosofía;Universidad Nacional del Nordeste;https://doaj.org/toc/1850-3578
Relaciones Internacionales;1515-3371;2314-2766;Universidad Nacional de La Plata. Facultad de Ciencias Jurídicas y Sociales. Instituto de Relaciones Internacionales;Universidad Nacional de La Plata;https://doaj.org/toc/2314-2766
Revista Foro de Educación Musical, Artes y Pedagogía;2545-7101;2525-1317;Mutual Arte y Educación. Editorial Arte y Pedagogía;Editorial Arte y Pedagogía, Mutual Arte y Educación;https://doaj.org/toc/2525-1317
Historia de la Educación Anuario;;2313-9277;Sociedad Argentina de Investigación y Enseñanza en Historia de la Educación (SAIEHE);Sociedad Argentina de Investigación y Enseñanza en Historia de la Educación (SAIEHE);https://doaj.org/toc/2313-9277
Telondefondo : Revista de Teoría y Crítica Teatral;;1669-6301;Facultad de Filosofía y Letras (UBA);Universidad de Buenos Aires;https://doaj.org/toc/1669-6301
Anuario Digital (Escuela de Historia. Facultad de Humanidades y Artes. Universidad Nacional de Rosario);0327-215X;1853-8835;Universidad Nacional de Rosario, Facultad de Humanidades y Artes, Escuela de Historia;Universidad Nacional de Rosario;https://doaj.org/toc/1853-8835
Revista de la Facultad de Agronomía;0041-8676;1669-9513;;Universidad Nacional de La Plata, Facultad de Ciencias Agrarias y Forestales;https://doaj.org/toc/1669-9513
Salud Colectiva;1669-2381;1851-8265;;Instituto de Salud Colectiva, Universidad Nacional de Lanús;https://doaj.org/toc/1851-8265
Revista Colección;0328-7998;1850-003X;;Pontificia Universidad Católica Argentina, Facultad de Ciencias Sociales, Departamento de Ciencias Políticas y Relaciones Internacionales;https://doaj.org/toc/1850-003X
Revista Entramados;;2422-6459;Universidad Nacional de Mar del Plata, Facultad de Humanidades, Centro de Investigaciones multidisciplinarias en Educación;Universidad Nacional de Mar del Plata;https://doaj.org/toc/2422-6459
Sudamérica;2250-7779;2314-1174;Universidad Nacional de Mar del Plata, Centro de Estudios Sociales y Políticos;Universidad Nacional de Mar del Plata;https://doaj.org/toc/2314-1174
Boletín de Estudios Geográficos;0374-6186;2525-1813;;Instituto de Geografía, Facultad de Filosofía y Letras, Universidad Nacional de Cuyo;https://doaj.org/toc/2525-1813
Diálogos Pedagógicos;1667-2003;2524-9274;Universidad Católica de Córdoba, Facultad de Educación;Universidad Católica de Córdoba;https://doaj.org/toc/2524-9274
Armiliar;;2545-7888;;Universidad Nacional de La Plata, Facultad de Bellas Artes;https://doaj.org/toc/2545-7888
Itinerarios Educativos;1850-3853;2362-5554;Universidad Nacional del Litoral, Facultad de Humanidades y Ciencias, Instituto de Desarrollo e Investigación para la Formación Docente;Universidad Nacional del Litoral;https://doaj.org/toc/2362-5554
Descentrada;;2545-7284;Universidad Nacional de La Plata;Centro Interdisciplinario de Investigaciones en Género (CInIG);https://doaj.org/toc/2545-7284
Mora;0328-8773;1853-001X;Facultad de Filosofía y Letras, Universidad de Buenos Aires;Facultad de Filosofía y Letras, Universidad de Buenos Aires;https://doaj.org/toc/1853-001X
Ecología Austral;0327-5477;1667-782X;;Asociación Argentina de Ecología;https://doaj.org/toc/1667-782X
FAVE Sección Ciencias Veterinarias;;2362-5589;Universidad Nacional del Litoral, Facultad de Ciencias Veterinarias;Universidad Nacional del Litoral;https://doaj.org/toc/2362-5589
Revista de Arqueología Histórica Argentina y Latinoamericana;1851-3190;2344-9918;;Asociación de Arqueólogos Profesionales de la República Argentina;https://doaj.org/toc/2344-9918
Analecta Veterinaria;0365-5148;1514-2590;Universidad Nacional de La Plata, Facultad de Ciencias Veterinarias;Universidad Nacional de La Plata;https://doaj.org/toc/1514-2590
Anales;0075-7411;2591-6386;Universidad Nacional de La Plata, Facultad de Ciencias Jurídicas y Sociales;Universidad Nacional de La Plata;https://doaj.org/toc/2591-6386
El Hornero;0073-3407;1850-4884;;Aves Argentinas;https://doaj.org/toc/1850-4884
Aura: Revista de Historia y Teoría del Arte;;2347-0135;;Universidad Nacional del Centro de la Provincia de Buenos Aires;https://doaj.org/toc/2347-0135
Epistemus;;1853-0494;Sociedad Argentina para las Ciencias Cognitivas de la Música;Universidad Nacional de La Plata;https://doaj.org/toc/1853-0494
Enfoques;1514-6006;1669-2721;Asociación Colegio Adventista del Plata;Editorial Universidad Adventista del Plata;https://doaj.org/toc/1669-2721
Escritos Contables y de Administración;1853-2063;1853-2055;Universidad Nacional del Sur, Departamento de Ciencias de la Administración;Editorial de la Universidad Nacional del Sur (Ediuns);https://doaj.org/toc/1853-2055
Estudios de Teoría Literaria;;2313-9676;Universidad Nacional de Mar del Plata, Facultad de Humanidades, Departamento de Letras, Grupo de Investigación Estudios de Teoría Literaria;Universidad Nacional de Mar del Plata;https://doaj.org/toc/2313-9676
Anales del Instituto de Arte Americano e Investigaciones Estéticas "Mario J. Buschiazzo";0328-9796;2362-2024;Instituto de Arte Americano e Investigaciones Estéticas "Mario J. Buschiazzo";Universidad de Buenos Aires;https://doaj.org/toc/2362-2024
Serie Correlación Geológica;1514-4186;1666-9479;;Instituto Superior de Correlación Geológica;https://doaj.org/toc/1666-9479
Delito y Sociedad: Revista de Ciencias Sociales;0328-0101;2468-9963;Universidad Nacional del Litoral;Universidad Nacional del Litoral;https://doaj.org/toc/2468-9963
Revista Latinoamericana de Filosofía;0325-0725;1852-7353;;Centro de Investigaciones Filosóficas;https://doaj.org/toc/1852-7353
Antigua Matanza;;2545-8701;;Universidad Nacional de La Matanza, Secretaría de Extensión Universitaria, Junta de Estudios Históricos de la Matanza;https://doaj.org/toc/2545-8701
Cultura Económica;1852-0588;1852-5342;;Pontificia Universidad Católica Argentina, Facultad de Ciencias Económicas, Centro de Estudios en Economía y Cultura;https://doaj.org/toc/1852-5342
Revista Latinoamericana de Filosofía Política;;2250-8619;;Centro de Investigaciones Filosóficas;https://doaj.org/toc/2250-8619
Revista de la Carrera de Sociología;;1853-6484;Universidad de Buenos Aires, Facultad de Ciencias Sociales, Carrera de Sociología;Carrera de Sociología de la Facultad de Ciencias Sociales de la Universidad de Buenos Aires;https://doaj.org/toc/1853-6484
Textos y Contextos desde el Sur;;2347-081X;Universidad Nacional de la Patagonia San Juan Bosco;Universidad Nacional de la Patagonia San Juan Bosco;https://doaj.org/toc/2347-081X
Runa;0325-1217;1851-9628;Instituto de Ciencias Antropológicas, Facultad de Filosofía y Letras (Universidad de Buenos Aires);Universidad de Buenos Aires;https://doaj.org/toc/1851-9628
Question;;1669-6581;Universidad Nacional de La Plata;Universidad Nacional de La Plata;https://doaj.org/toc/1669-6581
Revista de Psicología;;2422-572X;Universidad Nacional de La Plata, Facultad de Psicología;Universidad Nacional de La Plata;https://doaj.org/toc/2422-572X
Reseñas de Enseñanza de la Historia;1668-8864;2796-9304;Asociación de Profesores de Enseñanza de la Historia de Universidades Nacionales -APEHUN-;Asociación de Profesores de Enseñanza de la Historia de Universidades Nacionales -APEHUN-;https://doaj.org/toc/2796-9304
A&P Continuidad;2362-6089;2362-6097;Universidad Nacional de Rosario, Facultad de Arquitectura, Planeamiento y Diseño;Universidad Nacional de Rosario;https://doaj.org/toc/2362-6097
Avá;1515-2413;1851-1694;;Universidad Nacional de Misiones;https://doaj.org/toc/1851-1694
Rince;;1851-3239;Universidad Nacional de la Matanza, Departamento de Ciencias Económicas;Universidad Nacional de La Matanza;https://doaj.org/toc/1851-3239
Revista Argentina de Cirugía;0048-7600;2250-639X;;Asociación Argentina de Cirugía;https://doaj.org/toc/2250-639X
Práctica Arqueológica;;2618-2874;Asociación de Arqueólogos Profesionales de la República Argentina;Asociación de Arqueólogos Profesionales de la República Argentina;https://doaj.org/toc/2618-2874
Revista de Estudios sobre Genocidio;1851-8184;2362-3985;Universidad Nacional de Tres de Febrero, Centro de Estudios sobre Genocidio;Universidad Nacional de Tres de Febrero;https://doaj.org/toc/2362-3985
Boletín de Arte;1853-0710;2314-2502;Universidad Nacional de La Plata, Facultad de Bellas Artes;Papel Cosido;https://doaj.org/toc/2314-2502
Estudios Sociales del Estado;;2422-7803;Instituto de Desarrollo Económico y Social (IDES);Centro de Investigaciones Sociales (CIS);https://doaj.org/toc/2422-7803
Imagofagia;;1852-9550;Asociación Argentina de Estudios de Cine y Audiovisual;Asociación Argentina de Estudios de Cine y Audiovisual;https://doaj.org/toc/1852-9550
Archivos de Ciencias de la Educación;;2346-8866;Universidad Nacional de La Plata, Facultad de Humanidades y Ciencias de la Educación;Universidad Nacional de La Plata;https://doaj.org/toc/2346-8866
Arte e Investigación;1850-2334;2469-1488;Universidad Nacional de La Plata, Facultad de Bellas Artes;Papel Cosido;https://doaj.org/toc/2469-1488
Revista Iberoamericana de Tecnología en Educación y Educación en Tecnología;1851-0086;1850-9959;;Red de Universidades Nacionales con Carreras de Informática;https://doaj.org/toc/1850-9959
Revista de Salud Pública;1853-1180;1852-9429;Escuela de Salud Pública (Facultad de Ciencias Médicas);Universidad Nacional de Córdoba;https://doaj.org/toc/1852-9429
Dominguezia;0327-2818;1669-6859;Universidad de Buenos Aires, Facultad de Farmacia y Bioquímica;Museo de Farmacobotánica "Juan A. Domínguez";https://doaj.org/toc/1669-6859
IXTLI;;2408-4751;Asociación Latinoamericana de Filosofía de la educación;Asociación Latinoamericana de Filosofía de la Educación;https://doaj.org/toc/2408-4751
Quintú Quimün;;2591-541X;Universidad Nacional del Comahue, Facultad de Lenguas;Universidad Nacional del Comahue;https://doaj.org/toc/2591-541X
DavarLogos;1666-7832;1853-9106;Asociación Colegio Adventista del Plata;Editorial Universidad Adventista del Plata;https://doaj.org/toc/1853-9106
Dios y el Hombre;;2618-2858;Seminario Mayor San José de La Plata;Universidad Nacional de La Plata;https://doaj.org/toc/2618-2858
Anuario IEHS;0326-9671;2524-9339;;Universidad Nacional del Centro de la Provincia de Buenos Aires, Facultad de Ciencias Humanas, Instituto de Estudios Histórico-Sociales;https://doaj.org/toc/2524-9339
Tecnología y Ciencia;1666-6917;1666-6933;;Universidad Tecnologica Nacional;https://doaj.org/toc/1666-6933
Journal de Ciencias Sociales;;2362-194X;Universidad de Palermo, Facultad de Ciencias Sociales;Universidad de Palermo;https://doaj.org/toc/2362-194X
Anuario de la Escuela de Historia Virtual;;1853-7049;Escuela de Historia;Universidad Nacional de Córdoba;https://doaj.org/toc/1853-7049
Biología Acuática;;1668-4869;Instituto de Limnología "Raúl A. Ringuelet. (CONICET-UNLP);Instituto de Limnología "Raúl A. Ringuelet. (CONICET-UNLP);https://doaj.org/toc/1668-4869
Urbania;1853-7626;2591-5681;;Arqueocoop LTDA;https://doaj.org/toc/2591-5681
Revista de la Asociación Argentina de Ortopedia y Traumatología;1515-1786;1852-7434;;Asociación Argentina de Ortopedia y Traumatología;https://doaj.org/toc/1852-7434
Synthesis (La Plata);0328-1205;1851-779X;Centro de Estudios Helénicos;Universidad Nacional de La Plata;https://doaj.org/toc/1851-779X
Revista de Nefrología, Diálisis y Trasplante;0326-3428;2346-8548;Asociación Regional de Diálisis y Trasplantes Renales de Capital Federal y Provincia de Buenos Aires;Asociación Regional de Diálisis y Trasplantes Renales de Capital Federal y Provincia de Buenos Aires;https://doaj.org/toc/2346-8548
Pasado Abierto;;2451-6961;;Universidad Nacional de Mar del Plata;https://doaj.org/toc/2451-6961
Análisis Filosófico;0326-1301;1851-9636;Sociedad Argentina de Análisis Filosófico (SADAF);Sociedad Argentina de Análisis Filosófico (SADAF);https://doaj.org/toc/1851-9636
Latin American Journal of Sedimentology and Basin Analysis;1669-7316;1851-4979;;Asociación Argentina de Sedimentología;https://doaj.org/toc/1851-4979
Revista Eurolatinoamericana de Derecho Administrativo;;2362-583X;Red Docente Eurolatinoamericana de Derecho Administrativo;Universidad Nacional del Litoral;https://doaj.org/toc/2362-583X
Revista Argentina de Investigación Educativa;;2796-7433;Universidad Pedagógica Nacional;Universidad Pedagógica Nacional;https://doaj.org/toc/2796-7433
RevIISE;;2250-5555;;IISE;https://doaj.org/toc/2250-5555
Realidad, Tendencias y Desafíos en Turismo;1850-4787;2545-6199;Universidad Nacional del Comahue, Facultad de Turismo;Universidad Nacional del Comahue;https://doaj.org/toc/2545-6199
Plaza Pública: Revista de Trabajo Social;;1852-2459;Universidad Nacional del Centro de la Provincia de Buenos Aires, Facultad de Ciencias Humanas. Carrera de Trabajo Social;Universidad Nacional del Centro de la Provincia de Buenos Aires;https://doaj.org/toc/1852-2459
Estudios Digital;0328-185X;1852-1568;Universidad Nacional de Córdoba, Facultad de Ciencias Sociales;Universidad Nacional de Córdoba;https://doaj.org/toc/1852-1568
Revista Argentina de Reumatología;0327-4411;2362-3675;Sociedad Argentina de Reumatologia;Sociedad Argentina de Reumatologia;https://doaj.org/toc/2362-3675
Confabulaciones;;2545-8736;Facultad de Filosofía y Letras, Universidad Nacional de Tucumán;Instituto Interdisciplinario de Literaturas Argentina y Comparadas (IILAC);https://doaj.org/toc/2545-8736
Controversias y Concurrencias Latinoamericanas;;2219-1631;;Asociación Latinoamericana de Sociología;https://doaj.org/toc/2219-1631
Revista Argentina de Anatomía Clínica;;1852-8023;Asociación Argentina de Anatomía Clínica;Asociación Argentina de Anatomía Clínica;https://doaj.org/toc/1852-8023
Revista de Culturas y Literaturas Comparadas;1852-4737;2591-3883;Universidad Nacional de Córdoba, Facultad de Lenguas. Centro de Investigación en Literatura y Cultura;Universidad Nacional de Córdoba;https://doaj.org/toc/2591-3883
Revista de Geología Aplicada a la Ingeniería y al Ambiente;1851-7838;2422-5703;Asociacion Argentina de Geología Aplicada a la Ingeniería;Asociación Argentina de Geología Aplicada a la Ingenería;https://doaj.org/toc/2422-5703
Iberoamerican Journal of Project Management;;2346-9161;Red Iberoamericana de Ingeniería de Proyectos. RIIPRO.;Universidad Nacional de Mar del Plata;https://doaj.org/toc/2346-9161
Odisea: Revista de Estudios Migratorios;;2408-445X;Universidad de Buenos Aires, Facultad de Ciencias Sociales, Instituto de Investigaciones Gino Germani;Universidad de Buenos Aires;https://doaj.org/toc/2408-445X
Boletín de Historia Argentina y Americana Dr. Emilio Ravignani;0524-9767;1850-2563;Universidad de Buenos Aires, Facultad de Filosofía y Letras, Instituto de Historia Argentina y Americana Dr. Emilio Ravignani;Universidad de Buenos Aires;https://doaj.org/toc/1850-2563
REVCOM;;2451-7836;Asociación Civil Red de Carreras de Comunicación Social y Periodismo;Asociación Civil Red de Carreras de Comunicación Social y Periodismo;https://doaj.org/toc/2451-7836
Memoria Americana;0327-5752;1851-3751;Universidad de Buenos Aires, Facultad de Filosofía y Letras, Instituto de Ciencias Antropológicas, Sección Etnohistoria;Universidad de Buenos Aires;https://doaj.org/toc/1851-3751
Revista Industrial y Agrícola de Tucumán;0370-5404;1851-3018;Estación Experimental Agroindustrial Obi;Leonardo Daniel Ploper;https://doaj.org/toc/1851-3018
Argumentos : Revista de Crítica Social;;1666-8979;Universidad de Buenos Aires. Facultad de Ciencias Sociales. Instituto de Investigaciones Gino Germani;Instituto de Investigaciones Gino Germani, Facultad de Ciencias Sociales, Universidad de Buenos Aires;https://doaj.org/toc/1666-8979
Olivar: Revista de Literatura y Cultura Españolas;1515-1115;1852-4478;Universidad Nacional de La Plata, Facultad de Humanidades y Ciencias de la Educación, Secretaría de Investigación, Centro de Estudios de Teoría y Crítica Literaria;Universidad Nacional de La Plata;https://doaj.org/toc/1852-4478
Información, Cultura y Sociedad;1514-8327;1851-1740;Universidad de Buenos Aires, Facultad de Filosofía y Letras, Instituto de Investigaciones Bibliotecológicas;Universidad de Buenos Aires;https://doaj.org/toc/1851-1740
Revista de Enseñanza de la Física;0326-7091;2250-6101;;Asociación de Profesores de Física de Argentina;https://doaj.org/toc/2250-6101
Actualidad Económica;0327-585X;2250-754X;Universidad Nacional de Córdoba, Facultad de Ciencias Económicas, Instituto de Economía y Finanzas;Universidad Nacional de Córdoba;https://doaj.org/toc/2250-754X
Paraguay desde las Ciencias Sociales;;2314-1638;Universidad de Buenos Aires, Instituto de Estudios de América Latina y el Caribe;Universidad de Buenos Aires;https://doaj.org/toc/2314-1638
Rey Desnudo: Revista de Libros;;2314-1204;;Rey Desnudo;https://doaj.org/toc/2314-1204
Archivos Argentinos de Pediatria;0325-0075;1668-3501;;Sociedad Argentina de Pediatria;https://doaj.org/toc/1668-3501
Heterotopías;;2618-2726;Universidad Nacional de Córdoba;Universidad Nacional de Córdoba;https://doaj.org/toc/2618-2726
Revista Latinoamericana de Metodologia de la Investigacion Social;;1853-6190;Ciudad Autónoma de Buenos Aires;Estudios Sociologicos Editora;https://doaj.org/toc/1853-6190
1991. Revista de Estudios Internacionales;;2683-720X;Centro de Investigaciones y Estudios sobre Cultura y Sociedad (CIECS) - Consejo Nacional de Investigaciones Científicas y Técnicas (CONICET) - Universidad Nacional de Córdoba (UNC);CEA Unidad Ejecutora CONICET-UNC (20730);https://doaj.org/toc/2683-720X
Revista Argentina de Salud Pública;1852-8724;1853-810X;;Ministerio de Salud;https://doaj.org/toc/1853-810X
Agronomía & Ambiente;2314-2243;2344-9039;Universidad de Buenos Aires, Facultad de Agronomía;Universidad de Buenos Aires;https://doaj.org/toc/2344-9039
Punto Sur;;2683-7404;Instituto de Geografía Dr. Romualdo Ardissone;Facultad de Filosofía y Letras, Universidad de Buenos Aires;https://doaj.org/toc/2683-7404
Meteorologica;0325-187X;1850-468X;;Centro Argentino de Meteorólogos;https://doaj.org/toc/1850-468X
SaberEs;1852-4184;1852-4222;Universidad Nacional de Rosario, Facultad de Ciencias Económicas y Estadística;Universidad Nacional de Rosario;https://doaj.org/toc/1852-4222
Revista UCES D.G. "Enseñanza y Aprendizaje del Diseño;;2344-9551;;Universidad de Ciencias Empresariales y Sociales;https://doaj.org/toc/2344-9551
Praxis Educativa;0328-9702;2313-934X;;Universidad Nacional de La Pampa;https://doaj.org/toc/2313-934X
Cuadernos Medievales;;2451-6821;Facultad de Humanidades;Universidad Nacional de Mar del Plata;https://doaj.org/toc/2451-6821
Revista Latinoamericana de Metodología de las Ciencias Sociales;;1853-7863;Universidad Nacional de La Plata, Facultad de Humanidades y Ciencias de la Educación, Centro Interdisciplinario de Metodología de las Ciencias Sociales;Universidad Nacional de La Plata;https://doaj.org/toc/1853-7863
Revista de Ciencias Empresariales;2468-9785;2468-9807;Córdoba Management School, Universidad Blas Pascal;Universidad Blas Pascal;https://doaj.org/toc/2468-9807
Characteristica Universalis Journal;;2313-9501;;Centro de Filosofía Clásica Alemana;https://doaj.org/toc/2313-9501
Población & Sociedad;0328-3445;1852-8562;;Universidad Nacional de La Pampa, Facultad de Ciencias Humanas;https://doaj.org/toc/1852-8562
Estudios del ISHiR;;2250-4397;;Consejo de Investigaciones Científicas y Técnicas Investigaciones Socio-Históricas Regionales;https://doaj.org/toc/2250-4397
Revista de la Red de Intercátedras de Historia de América Latina Contemporánea;;2250-7264;Universidad Nacional de Córdoba, Facultad de Filosofía, Escuela de Historia de América;Universidad Nacional de Córdoba;https://doaj.org/toc/2250-7264
Revista de la Unión Matemática Argentina;0041-6932;1669-9637;Unión Matemática Argentina;Unión Matemática Argentina;https://doaj.org/toc/1669-9637
Estudios Económicos;0425-368X;2525-1295;Universidad Nacional del Sur, Departamento de Economía, y CONICET, Instituto de Investigaciones Económicas y Sociales del Sur;Editorial de la Universidad Nacional del Sur (Ediuns);https://doaj.org/toc/2525-1295
Cuadernos de Extensión Universitaria de la UNLPam;2451-5930;2718-7500;;Universidad Nacional de La Pampa. Secretaría de Cultura y Extensión Universitaria;https://doaj.org/toc/2718-7500
Revista Administración Pública y Sociedad;;2524-9568;Universidad Nacional de Córdoba (UNC), Facultad de Ciencias Sociales, Instituto de Investigación y Formación en Administración Pública (IIFAP);Universidad Nacional de Córdoba (UNC);https://doaj.org/toc/2524-9568
Semiárida;2362-4337;2408-4077;Universidad Nacional de La Pampa, Facultad de Agronomía;Universidad Nacional de La Pampa;https://doaj.org/toc/2408-4077
Prudentia Iuris;0326-2774;2524-9525;Pontificia Universidad Católica Argentina, Facultad de Derecho;Pontificia Universidad Católica Argentina;https://doaj.org/toc/2524-9525
Visión de Futuro;1669-7634;1668-8708;;Universidad Nacional de Misiones;https://doaj.org/toc/1668-8708
Revista Latinoamericana en Discapacidad, Sociedad y Derechos Humanos;;2525-1643;Red Iberoamericana de Expertos sobre la Convención de los Derechos de las Personas con Discapacidad;Red Iberoamericana de Expertos sobre la Convención de los Derechos de las Personas con Discapacidad;https://doaj.org/toc/2525-1643
Acta Zoológica Lilloana;0065-1729;1852-6098;Fundación Miguel Lillo;Fundación Mguel Lillo;https://doaj.org/toc/1852-6098
Revista del Hospital de Niños;0521-517X;2314-1239;Hospital de Niños Ricardo Gutiérrez;Asociación de Profesionales del Hospital de Niños R. Gutiérez;https://doaj.org/toc/2314-1239
Austral Comunicación;2313-9129;2313-9137;Universidad Austral Argentina, Facultad de Comunicación;Universidad Austral Argentina;https://doaj.org/toc/2313-9137
Nuevo Pensamiento;;1853-7596;Universidad del Salvador,Instituto de Investigaciones Filosóficas de la Facultad de Filosofía, Historia, Letras y Estudios Orientales;Universidad del Salvador;https://doaj.org/toc/1853-7596
Revista Estudios Ambientales;;2347-0941;Universidad Nacional del Centro de la Provincia de Buenos Aires Facultad de Ciencias Humanas Centro de Investigaciones y Estudios Ambientales;Universidad Nacional del Centro de la Provincia de Buenos Aires;https://doaj.org/toc/2347-0941
Diferencia(s);;2469-1100;Universidad de Buenos Aires, Facultad de Ciencias Sociales, Instituto de Investigaciones Gino Germani, Grupo De Estudios Sobre Estructuralismo Y Posestructuralismo;Universidad de Buenos Aires;https://doaj.org/toc/2469-1100
El Taco en la Brea;;2362-4191;;Universidad Nacional del Litoral;https://doaj.org/toc/2362-4191
Horticultura Argentina;0327-3431;1851-9342;Asociación Argentina de Horticultura (ASAHO);Asociación Argentina de Horticultura (ASAHO);https://doaj.org/toc/1851-9342
Revista de Historia Americana y Argentina;0556-5960;2314-1549;;Instituto de Historia Americana y Argentina. Facultad de Filosofía y Letras. Universidad Nacional de Cuyo;https://doaj.org/toc/2314-1549
Revista de Economía y Estadística;0034-8066;2451-7321;Universidad Nacional de Córdoba, Facultad de Ciencias Económicas, Instituto de Economía y Finanzas;Universidad Nacional de Córdoba;https://doaj.org/toc/2451-7321
Raigal;;2469-1216;Universidad Nacional de Villa María, Instituto Académico Pedagógico de Ciencias Sociales;Universidad Nacional de Villa María;https://doaj.org/toc/2469-1216
Revista Digital de Políticas Lingüísticas;;1853-3256;Universidad Nacional de Córdoba, Facultad de Lenguas;Asociación de Universidades Grupo Montevideo;https://doaj.org/toc/1853-3256
Psicodebate;1515-2251;2451-6600;;Universidad de Palermo;https://doaj.org/toc/2451-6600
Extensión en Red;;1852-9569;Universidad Nacional de La Plata, Facultad de Periodismo y Comunicación Social;Universidad Nacional de La Plata;https://doaj.org/toc/1852-9569
Cuadernos de Antropología Social;0327-3776;1850-275X;;Universidad de Buenos Aires;https://doaj.org/toc/1850-275X
Divulgatio;;2591-3530;Universidad Nacional de Quilmes, Secretaría de Posgrado;Universidad Nacional de Quilmes;https://doaj.org/toc/2591-3530
Publicación Electrónica de la Asociación Paleontológica Argentina;;2469-0228;Asociación Paleontológica Argentina;Asociación Paleontológica Argentina;https://doaj.org/toc/2469-0228
Badebec;;1853-9580;Universidad Nacional de Rosario, Facultad de Humanidades y Artes, Centro de Estudios de Teoría y Crítica Literaria;Universidad Nacional de Rosario;https://doaj.org/toc/1853-9580
Cuadernos del CIMBAGE;1666-5112;1669-1830;Instituto de Investigaciones en Administración, Contabilidad y Métodos Cuantitativos para la Gestión (IADCOM) - Centro de Investigación en Metodologías Básicas y Aplicadas a la Gestión (CIMBAGE);Universidad de Buenos Aires - Facultad de Ciencias Económicas;https://doaj.org/toc/1669-1830
Saberes y Prácticas: Revista de Filosofía y Educación;;2525-2089;;Centro de Investigaciones Interdisciplinarias de Filosofía en la Escuela, Facultad de Filosofía y Letras, Universidad Nacional de Cuyo;https://doaj.org/toc/2525-2089
Educación Física y Ciencia;1514-0105;2314-2561;Facultad de Humanidades y Ciencias de la Educación, Departamento de Educación Física;Universidad Nacional de La Plata;https://doaj.org/toc/2314-2561
Revista Contenciosa;;2347-0011;Centro de Estudios Sociales Interdisciplinarios del Litoral, Facultad de Humanidades y Ciencias de la Universidad Nacional del Litoral;Ediciones UNL;https://doaj.org/toc/2347-0011
Revista Iberoamericana de la Propiedad Intelectual;;2422-569X;;Universidad Austral;https://doaj.org/toc/2422-569X
Revista Binacional Brasil - Argentina;;2316-1205;Universidade Estadual do Sudoeste da Bahia;Universidade Estadual do Sudoeste da Bahia;https://doaj.org/toc/2316-1205
Culturas;1515-3738;2362-5538;Universidad Nacional del Litoral, Facultad de Humanidades y Ciencias;Universidad Nacional del Litoral;https://doaj.org/toc/2362-5538
Revista Electrónica de Derecho Internacional Contemporáneo;2618-3048;2618-303X;;Universidad Nacional de La Plata;https://doaj.org/toc/2618-303X
Cuadernos de Economía Crítica;2408-400X;2525-1538;Sociedad de Economía Crítica de Argentina y Uruguay;Sociedad de Economía Crítica de Argentina y Uruguay;https://doaj.org/toc/2525-1538
Estudios Socioterritoriales: Revista de Geografía;1515-6206;1853-4392;CONICET - UNCPBA. Instituto de Geografía, Historia y Ciencias Sociales. Centro de Investigaciones Geográficas.;Universidad Nacional del Centro de la Provincia de Buenos Aires;https://doaj.org/toc/1853-4392
Calamus;;2545-627X;Sociedad Argentina de Estudios Medievales;Sociedad Argentina de Estudios Medievales;https://doaj.org/toc/2545-627X
Páginas;;1851-992X;Universidad Nacional de Rosario, Facultad de Humanidades y Artes, Escuela de Historia;Universidad Nacional de Rosario;https://doaj.org/toc/1851-992X
Telar;1668-2963;1668-3633;Universidad Nacional de Tucumán, Facultad de Filosofía y Letras, Instituto Interdisciplinario de Estudios Latinoamericanos;Universidad Nacional de Tucumán;https://doaj.org/toc/1668-3633
Trabajo y Sociedad;;1514-6871;;Universidad Nacional de Santiago del Estero;https://doaj.org/toc/1514-6871
Revista Elektrón;;2525-0159;Universidad de Buenos Aires, Facultad de Ingeniería;Universidad de Buenos Aires;https://doaj.org/toc/2525-0159
Revista Jurídica Austral;2684-0537;2684-057X;Universidad Austral, Facultad de Derecho;Universidad Austral;https://doaj.org/toc/2684-057X
Bonplandia;0524-0476;1853-8460;Instituto de Botánica del Nordeste, Facultad de Ciencias Agrarias, Universidad Nacional del Nordeste;Instituto de Botánica del Nordeste;https://doaj.org/toc/1853-8460
Itinerantes;2250-5377;2525-2178;Universidad del Norte Santo Tomás de Aquino, Instituto de Investigaciones Históricas "Prof. Manuel Soriano";Universidad del Norte Santo Tomás de Aquino;https://doaj.org/toc/2525-2178
Ciencias Administrativas;0009-6784;2314-3738;Universidad Nacional de La Plata, Facultad de Ciencias Económicas;Universidad Nacional de La Plata;https://doaj.org/toc/2314-3738
Ingenio Tecnológico;;2618-4931;;Universidad Tecnológica Nacional, Facultad Regional La Plata;https://doaj.org/toc/2618-4931
Estudios Sociales;0327-4934;2250-6950;Universidad Nacional del Litoral;Universidad Nacional del Litoral;https://doaj.org/toc/2250-6950
Cuadernos de Marte;;1852-9879;Universidad de Buenos Aires. Facultad de Ciencias Sociales. Instituto de Investigaciones Gino Germani;Universidad de Buenos Aires, Facultad de Ciencias Sociales, Instituto de Investigaciones Gino Germani;https://doaj.org/toc/1852-9879
H-Industri@;1853-550X;1851-703X;Instituto Interdisciplinario de Economía Política de Buenos Aires (UBA- CONICET);Universidad de Buenos Aires. Facultad de Ciencias Económicas;https://doaj.org/toc/1851-703X
Etnografías Contemporáneas;1669-2632;2451-8050;Universidad Nacional San Martín;Universidad Nacional San Martín;https://doaj.org/toc/2451-8050
Epistemología e Historia de la Ciencia;;2525-1198;Universidad Nacional de Córdoba, Centro de Investigaciones de la Facultad de Filosofía y Humanidades;Universidad Nacional de Córdoba;https://doaj.org/toc/2525-1198
Aportes para la Integración Latinoamericana;1667-8613;2468-9912;Universidad Nacional de La Plata, Facultad de Ciencias Jurídicas y Sociales, Instituto de Integración Latinoamericana;Universidad Nacional de La Plata;https://doaj.org/toc/2468-9912
Revista Médica de Rosario;0327-5019;1851-2135;Círculo Médico de Rosario;Círculo Médico de Rosario;https://doaj.org/toc/1851-2135
Interdisciplinaria;0325-8203;1668-7027;CONICET, Centro Interamericano de Investigaciones Psicológicas y Ciencias Afines;CONICET, Centro Interamericano de Investigaciones Psicológicas y Ciencias Afines;https://doaj.org/toc/1668-7027
Revista Enfermería Neonatal;;2591-6424;FUNDASAMIN-Fundación para la Salud Materno Infantil;FUNDASAMIN-Fundación para la Salud Materno Infantil;https://doaj.org/toc/2591-6424
Revista Científica Arbitrada de la Fundación MenteClara;;2469-0783;Fundación MenteClara;Fundación MenteClara;https://doaj.org/toc/2469-0783
Circe de Clásicos y Modernos;1514-3333;1851-1724;Universidad Nacional de La Pampa, Facultad de Ciencias Humanas, Instituto de Estudios Clásicos;Universidad Nacional de La Pampa;https://doaj.org/toc/1851-1724
Revista del Museo de La Plata;2545-6369;2545-6377;Universidad Nacional de La Plata, Facultad de Ciencias Naturales y Museo;Universidad Nacional de La Plata;https://doaj.org/toc/2545-6377
Clio y Asociados;0328-820X;2362-3063;;Universidad Nacional del Litoral;https://doaj.org/toc/2362-3063
Cuadernos de Historia: Serie Economía y Sociedad;1514-5816;2422-7544;Universidad Nacional de Córdoba, Facultad de Filosofía y Humanidades, Centro de Investigaciones María Saleme de Burnichon;Universidad Nacional de Córdoba;https://doaj.org/toc/2422-7544
Cuadernos de Política Exterior Argentina;0326-7806;1852-7213;Universidad Nacional de Rosario (UNR) - Centro de Estudios en Relaciones Internacionales de Rosario (CERIR);Universidad Nacional de Rosario;https://doaj.org/toc/1852-7213
Andes;;1668-8090;;Universidad Nacional de Salta, Facultad de Humanidades, Centro Promocional de las Investigaciones en Historia y Antropología;https://doaj.org/toc/1668-8090
Mundo Agrario;;1515-5994;;Universidad Nacional de La Plata;https://doaj.org/toc/1515-5994
Improntas de la Historia y la Comunicación;;2469-0457;Universidad Nacional de La Plata, Facultad de Periodismo y Comunicación Social, Centro de Estudios en Historia, Comunicación, Periodismo y Medios;Universidad Nacional de La Plata;https://doaj.org/toc/2469-0457
