Título;ISSN impresa;ISSN en linea;Instituto;CAICYT;DOAJ;Latindex;Redalyc;Scimago;Scielo;WoS
(En)clave Comahue;null;2545-6393;Universidad Nacional del Comahue, Facultad de Derecho y Ciencias Sociales;false;true;true;false
1991. Revista de Estudios Internacionales;null;2683-720X;Universidad Nacional de Córdoba, Facultad de Ciencias Sociales, Maestría en Relaciones Internacionales;false;true;true;false
A&P continuidad (En línea);null;2362-6097;Facultad de Arquitectura Planeamiento y Diseño, Universidad Nacional de Rosario;true;true;true;false
Ab Intus;null;2618-2734;Universidad Nacional de Río Cuarto, Facultad de Agronomía y Veterinaria;false;true;true;false
Academia (Buenos Aires);1667-4154;2422-7153;null;true;false;false;false
Acta bioquímica clínica latinoamericana;0325-2957;1851-6114;Federación Bioquímica de la Provincia de Buenos Aires;true;false;true;true
Acta Gastroenterológica Latinoamericana;2469-1119;0300-9033;Sociedad Argentina de Gastroenterología;true;true;false;true
Acta geológica lilloana;0567-7513;1852-6217;null;true;false;false;false
Acta Odontológica Latinoamericana;0326-4815;1852-4834;Sociedad Argentina de Investigación Odontológica;true;false;false;false
Acta psiquiátrica y psicológica de América Latina;0001-6896;2362-2829;null;true;false;false;false
Acta Toxicológica Argentina;0327-9286;1851-3743;Asociación Toxicológica Argentina;true;true;false;false
Acta zoológica Lilloana (En línea);null;1852-6098;Fundación Miguel Lillo;true;true;true;false
Actualidad Económica;0327-585X;2250-754X;Universidad Nacional de Córdoba, Facultad de Ciencias Económicas, Instituto de Economía y Finanzas;false;true;false;false
Actualizaciones en osteología;1666-8975;1669-8983;null;true;false;false;false
Actualizaciones en Sida e Infectología.;null;2718-7845;Fundación Huésped;false;false;true;false
Actualización en nutrición (En línea);null;2250-7183;Sociedad Argentina de Nutrición;true;false;true;false
Agriscientia (Córdoba);0327-6244;1668-298X;null;true;true;true;false
Agronomía & Ambiente;2314-2243;2344-9039;Universidad de Buenos Aires, Facultad de Agronomía;true;true;false;false
Aiken Revista de Ciencias Sociales y de la Salud.;2796-7395;2796-7506;Juliana Burgos;false;false;true;false
Algarrobo MEL;null;2344-9179;Maestría en Estudios Latinoamericanos;false;false;true;false
AMEGHINIANA;0002-7014;1851-8044;ASOCIACION PALEONTOLOGICA ARGENTINA , MAIPU 645, 1ER PISO, BUENOS AIRES, ARGENTINA, 1006;false;false;false;false
Anacronismo e irrupción;null;2250-4982;Universidad de Buenos Aires,  Facultad de Ciencias Sociales,  Instituto de Investigaciones Gino Germani;true;true;true;false
ANALECTA VETERINARIA;0365-5148;1514-2590;UNIV NACIONAL PLATA , 60 Y 11, C C 296, LA PLATA, ARGENTINA, 00000;true;true;true;false
Anales;null;2591-6386;Universidad Nacional de La Plata, Facultad de Ciencias Jurídicas y Sociales;false;true;true;false
ANALES AFA;0327-358X;1850-1168;ASOC FISICA ARGENTINA , C C 62, LA PLATA, ARGENTINA, 1900;true;true;true;false
Anales de arqueología y etnología;null;2591-3093;Universidad Nacional de Cuyo, Facultad de Filosofía y Letras, Instituto de Arqueología y Etnología;false;false;true;false
Anales de historia antigua, medieval y moderna.;null;1853-1555;Universidad de Buenos Aires, Facultad de Filosofía y Letras.;false;true;true;false
Anales de Lingüística.;null;2684-0669;EDIFyL Facultad de Filosofía y Letras UNCuyo;false;false;true;false
Anales del Instituto de Arte Americano e Investigaciones Estéticas. Mario J. Buschiazzo;;2362-2024;Universidad de Buenos Aires. Instituto de Arte Americano e Investigaciones Estéticas Mario J. Buschiazzo;true;true;true;false
Anclajes (Santa Rosa);0329-3807;1851-4669;null;true;true;true;true
Andes (Salta);0327-1676;1668-8090;null;true;true;false;true
Antigua Matanza;null;2545-8701;Junta de Estudios Históricos de La Matanza,Secretaría de Extensión Universitaria, Universidad Nacional de La Matanza;false;true;true;false
Antiguo Oriente;1667-9202;X;null;true;false;false;false
Antiguos jesuitas en Iberoamérica;null;2314-3908;Centro de Investigaciones sobre Cultura y Sociedad, Consejo Nacional de Investigaciones Científicas y Técnicas, Universidad Nacional de Córdoba;true;true;true;false
Anuario (Centro de Estudios Económicos de la Empresa y el Desarrollo. En línea);null;2545-8299;Facultad de Ciencias Económicas, Universidad de Buenos Aires;true;true;true;false
Anuario de arqueología.;null;2684-0138;Departamento de Arqueología;true;true;true;false
Anuario de investigaciones (Facultad de Psicología Universidad de Buenos Aires);0329-5885;1851-1686;null;true;true;false;true
Anuario de la Escuela de Historia virtual;null;1853-7049;Universidad Nacional de Córdoba, Facultad de Filosofía y Humanidades, Escuela de Historia;true;true;true;false
Anuario del Centro de Estudios Históricos Profesor Carlos A. Segretti;1666-6836;2683-9164;null;true;true;false;false
Anuario del Instituto de Historia Argentina;null;2314-257X;Consejo Nacional de Investigaciones Científicas y Técnicas. Instituto de Investigaciones en Humanidades y Ciencias Sociales - Universidad Nacional de La Plata. Centro de Historia Argentina y Americana;true;true;true;false
Anuario Digital (Escuela de Historia. Facultad de Humanidades y Artes. Universidad Nacional de Rosario);0327-215X;1853-8835;Universidad Nacional de Rosario, Facultad de Humanidades y Artes, Escuela de Historia;true;true;true;false
Anuario Escuela de Archivología;null;1852-6446;Escuela de Archivología, Facultad de Filosofía y Humanidades, Universidad Nacional de Córdoba;true;false;true;false
ANUARIO IEHS;0326-9671;2524-9339;UNIV NACL CENTRO PROVINCIA BUENOS AIRES (UNICEN), FAC CIENCIAS SOCIALES , AVE ARISTOBULO DEL VALLE 5737, BUENOS AIRES, Argentina, OLAVARIA, 7400;true;true;false;false
Anuario tarea (Ciudad Autónoma de Buenos Aires. En línea);null;2469-0422;Universidad Nacional de San Martín;true;true;true;false
Análisis filosófico;;1851-9636;SADAF;true;true;true;true
Aportes para la integración latinoamericana;1515-5390;2468-9912;Instituto de Integración Latinoamericana, Facultad de Ciencias Jurídicas y Sociales, Universidad Nacional de La Plata;true;true;true;false
Apuntes de investigación del CECYP;0329-2142;1851-9814;null;true;false;false;false
Archivos argentinos de pediatría;0325-0075;1668-3501;Sociedad Argentina de Pediatría;true;true;false;false
Archivos de ciencias de la educación;0518-3669;2346-8866;Universidad Nacional de La Plata. Facultad de Humanidades y Ciencias de la Educación. Departamento de Ciencias de la Educación;false;true;true;false
Archivos de historia del movimiento obrero y la izquierda.;null;2683-9601;CEHTI;true;false;true;false
Archivos de medicina familiar y general;1668-8341;2314-159X;null;true;false;false;false
Argentinian Journal of Respiratory and Physical Therapy;null;2618-4095;AJRPT;true;true;true;false
Argumentos;null;2525-0469;Centro de perfeccionamiento Ricardo Nuñez;false;true;true;false
Argumentos : Revista de Crítica Social;null;1666-8979;Universidad de Buenos Aires. Facultad de Ciencias Sociales. Instituto de Investigaciones Gino Germani;true;true;true;false
Arkadin;null;2525-085X;Papel Cosido;false;false;true;false
Armiliar;null;2545-7888;Papel Cosido;false;true;true;false
Arqueología (En línea);0327-5159;1853-8126;null;true;true;true;false
Arquisur revista (En línea);null;2250-4206;Facultad de Arquitectura, Diseño y Urbanismo, Universidad Nacional del Litoral;true;true;true;false
Arquitecno;null;2683-9881;Universidad Nacional del Nordeste. Facultad de Arquitectura y Urbanismo. Instituto de Investigaciones Tecnológicas para el Diseño Ambiental del Hábitat Humano - ITDAHu;false;true;true;false
Arte e investigación;null;2469-1488;Papel Cosido;false;true;true;false
Artilugio.;null;2408-462X;Centro de Producción e Investigación en Artes (CePIA), Facultad de Artes, Universidad Nacional de Córdoba (UNC).;true;true;true;false
Artroscopía;null;1853-4759;Asociacion Argentina de Artroscopía;false;true;true;false
Astrolabio: Nueva Época;null;1668-7515;Centro de Investigaciones y Estudios sobre Cultura y Sociedad (CIECS);true;true;true;false
Atek Na (Ciudad Autónoma de Buenos Aires. En línea);null;2422-6726;Universidad de Luján;true;false;true;false
Aura: Revista de Historia y Teoría del Arte;null;2347-0135;null;false;true;false;false
AUSTER;1514-0121;2346-8890;UNIV NACL LA PLATA, FAC HUMANIDADES & CIENCIAS EDUCACION , CALLE 48 ENTRE 6 & 7, 1ER SUBSUELO, L APLATA, BUENOS AIRES, ARGENTINA, 1900;false;true;true;false
Austral comunicación;2313-9129;2313-9137;Universidad Austral, Facultad de Comunicación;true;true;true;false
AVANCES DEL CESOR;1514-3899;2422-6580;CENTRO ESTUDIOS SOCIALES REGIONALES , EDIFICIO ISHIR-IRICE, PRIMER PISO, OF 10, ROSARIO, ARGENTINA, SANTA FE, 2000;true;true;true;false
Avances.;null;2718-6555;EdFA - Editorial de la Facultad de Artes UNC;false;false;true;false
Avatares de la comunicación y la cultura;null;1853-5925;Universidad de Buenos Aires, Facultad de Ciencias Sociales, Carrera de Ciencias de la Comunicación;true;true;true;false
Avá. Revista de Antropología;1515-2413;1851-1694;Universidad Nacional de Misiones;true;true;false;true
Badebec;null;1853-9580;Universidad Nacional de Rosario,  Facultad de Humanidades y Artes,  Centro de Estudios de Teoría y Crítica Literaria;false;true;true;false
BAG. Journal of basic and applied genetics;;1852-6233;Sociedad Argentina de Genética;true;true;true;false
Beckettiana;null;2683-9679;Facultad de Filosofía y Letras, Universidad de Buenos Aires;false;false;true;false
BIOCELL;0327-9545;1667-5746;TECH SCIENCE PRESS , 871 CORONADO CENTER DR, SUTE 200, HENDERSON, Usa, NV, 89052;false;false;false;false
Biología acuática (En línea);null;1668-4869;null;true;true;true;false
Bioquímica y patología clínica.;null;2684-0359;Asociación Bioquímica Argentina;true;false;true;true
Bold;null;2524-9703;Papel Cosido;false;false;true;false
Boletin de la Sociedad Argentina de Botanica;1851-2372;0373-580X;Sociedad Argentina de Botanica;false;false;false;false
Boletín de arte (La Plata. En línea);null;2314-2502;Universidad Nacional de La Plata;true;true;true;false
Boletín de estudios geográficos (En línea);null;2525-1813;Facultad de Filosofía y letras, Universidad Nacional de Cuyo;true;true;true;false
Boletín de Estética;;2408-4417;Centro de Investigaciones Filosóficas;true;false;false;false
Boletín de la Sociedad Argentina de Botánica;;1851-2372;Sociedad Argentina de Botánica;true;true;true;false
Boletín de Literatura Comparada.;null;2683-8397;Centro de Literatura Comparada;true;false;true;false
Boletín del Instituto de Historia Argentina y Americana Dr. Emilio Ravignani;0524-9767;1850-2563;Universidad de Buenos Aires. Facultad de Filosofía y Letras. Instituto de Historia Argentina y Americana "Dr. Emilio Ravignani";true;true;true;true
Boletín GEC;null;2618-334X;Grupo de Estudios sobre la Crítica Literaria;false;false;true;false
Boletín geográfico (Neuquén);0326-1735;2313-903X;null;true;true;true;false
Bonplandia;0524-0476;1853-8460;Instituto de Botánica del Nordeste (IBONE);true;true;true;true
Bridging cultures;null;2525-1791;Universidad Católica Argentina;false;false;true;false
Caiana: Revista de Historia del Arte y Cultura Visual;null;2313-9242;null;false;true;false;false
Calamus (Ciudad Autónoma de Buenos Aires);null;2545-627X;Sociedad Argentina de Estudios Medievales;true;true;true;false
Campo Universitario.;null;2718-6121;Instituto de Investigación en Educación Superior  (IIES/ADUBA/UBA);false;false;true;false
Cartografías del sur;2422-7951;2422-6920;Universidad Nacional de Avellaneda, Secretaria de Investigación e Innovación Socioproductiva;false;true;true;false
Casus Belli;null;2718-7608;Universidad Nacional de la Defensa;false;false;true;false
Catalejos;null;2525-0493;Facultad de Humanidades, Universidad Nacional de Mar del Plata;false;false;true;false
CELEHIS-REVISTA DEL CENTRO DE LETRAS HISPANOAMERICANAS;0328-5766;2313-9463;UNIV NAC DE MAR DEL PLATA-CENTRO LETRAS HISPANOAMERICANAS , FUNES, 3250, MAR DEL PLATA, BUENOS AIRES, ARGENTINA, 7600;true;true;false;false
Characteristica Universalis Journal;null;2313-9501;null;false;true;false;false
Ciclos en la historia, la economía y la sociedad;;1851-3735;Fundación de Investigaciones Históricas, Económicas y Sociales;true;false;true;false
Ciencia del suelo;;1850-2067;Asociación Argentina de la Ciencia del Suelo;true;true;false;false
Ciencia veterinaria (En línea);null;1853-8495;null;true;false;true;false
Ciencia, docencia y tecnología;;1851-1716;Universidad Nacional de Entre Ríos;true;true;true;true
Ciencia, tecnología y política;null;2618-3188;Universidad Nacional de La Plata (UNLP);false;true;true;false
Ciencias administrativas;0009-6784;2314-3738;Universidad Nacional de La Plata;true;true;true;true
Ciencias agronómicas;1853-4333;2250-8872;null;true;false;false;false
Ciencias económicas;1666-8359;2362-552X;Ediciones UNL;false;true;true;false
Circe de clásicos y modernos;;1851-1724;Instituto de Estudios Clásicos. Facultad de Ciencias Humanas. Universidad Nacional de La Pampa;true;true;true;false
Clang;null;2524-9215;Papel Cosido;false;false;true;false
Clepsidra (Ciudad Autónoma de Buenos Aires);null;2362-2075;Instituto de Desarrollo Económico y Social Núcleo de Estudios sobre Memoria;true;true;true;false
Clío y asociados;null;2362-3063;Ediciones UNL;true;true;true;false
Comechingonia;;1851-0027;AREA DE ETNOHISTORIA Y ARQUEOLOGÍA;true;false;false;false
Comechingonia.;null;2250-7728;Instituto de Estudios Históricos. IEH;false;true;true;false
Community and Interculturality in Dialogue;null;3008-7570;Editorial Salud, Ciencia y Tecnología;false;false;true;false
Con X;null;2469-0333;Universidad Nacional de La Plata, Facultad de Periodismo y Comunicación Social;false;true;true;false
ConCienciaSocial;null;2591-5339;Dirección de la Carrera de Licenciatura en Trabajo Social. Facultad de Ciencias Sociales. Universidad Nacional de Córdoba.;false;true;true;false
Confabulaciones (San Miguel de Tucumán);null;2545-8736;Universidad Nacional de Tucumán;true;true;true;false
Conflicto social;null;1852-2262;Universidad de Buenos Aires, Facultad de Ciencias Sociales, Instituto de Investigaciones Gino Germani, Programa de Investigaciones sobre Conflicto Social;false;true;true;false
Confluencia de Saberes.;null;2683-989X;Universidad Nacional del Comahue;false;false;true;false
Contabilidad y auditoría (Buenos Aires);1515-2340;1852-446X;null;true;true;true;false
Contextos de educación;1514-2655;2314-3932;Departamento de Ciencias de la Educación - Facultad de Ciencias Humanas - Universidad Nacional de Río Cuarto;false;false;true;false
Controversias y Concurrencias Latinoamericanas;null;2219-1631;Asociación Latinoamericana de Sociología;false;true;false;false
Coordenadas: Revista de Historia Local y Regional;null;2362-4752;Centro de Investigaciones Históricas, Grupo de Investigación y Extensión en Historia Regional;true;true;false;false
Corpus: Archivos Virtuales de la Alteridad Americana;null;1853-8037;null;true;true;false;false
Costos y gestión (En línea);null;2545-8329;Instituto Argentino de Profesores Universitarios de Costos;true;true;true;false
Crítica y resistencias (En línea);null;2525-0841;Universidad Nacional de Córdoba, Universidad Católica de Córdoba;true;true;true;false
CUADERNO URBANO. Espacio, cultura, sociedad;1666-6186;1853-3655;Universidad Nacional del Nordeste;true;true;true;true
Cuadernos de antropología social;;1850-275X;Universidad de Buenos Aires. Facultad de Filosofía y Letras. Instituto de Ciencias Antropológicas. Sección de Antropología Social;true;true;true;true
Cuadernos de economía crítica (En línea);null;2525-1538;Sociedad de Economía Crítica;true;true;true;true
Cuadernos de educación.;null;2344-9152;Centro de Investigaciones "María Saleme de Burnichon" (CIFFyH). Facultad de Filosofía y Humanidades;false;false;true;false
Cuadernos de extensión universitaria de la UNLPam.;null;2718-7500;EdUNLPam;true;true;true;false
Cuadernos de H ideas;1851-8206;2313-9048;Universidad Nacional de La Plata,  Facultad de Periodismo y Comunicación Social;true;true;true;false
Cuadernos de herpetología;0326-551X;1852-5768;Asociación Herpetológica Argentina;true;true;true;false
Cuadernos de historia de España (En línea);null;1850-2717;Facultad de Filosofía y Letras Universidad de Buenos Aires;true;false;true;false
Cuadernos de historia del arte (En línea);null;2618-5555;Facultad de Filosofía y Letras, Universidad Nacional de Cuyo;true;true;true;true
Cuadernos de Historia: Serie Economía y Sociedad;1514-5816;2422-7544;Universidad Nacional de Córdoba, Facultad de Filosofía y Humanidades, Centro de Investigaciones María Saleme de Burnichon;true;true;true;false
Cuadernos de humanidades;null;2683-782x;Editorial de la Universidad Nacional de Salta.;false;false;true;false
Cuadernos de Ingeniería;null;2545-7012;Eucasa;false;false;true;false
Cuadernos de la Facultad de Humanidades y Ciencias Sociales: Universidad Nacional de Jujuy;0327-1471;1668-8104;FACULTAD DE HUMANIDADES Y CIENCIAS SOCIALES - UNIVERSIDAD NACIONAL DE JUJUY;true;true;true;true
Cuadernos de Literatura.;0326-5102;2684-0499;Instituto de Letras “Alfredo Veiravé”;true;true;true;false
Cuadernos de Marte;null;1852-9879;Universidad de Buenos Aires. Facultad de Ciencias Sociales. Instituto de Investigaciones Gino Germani.;false;true;true;false
Cuadernos de política exterior argentina (En línea);null;1852-7213;Centro de Estudios en Relaciones Internacionales de Rosario;true;true;true;false
Cuadernos del Centro de Estudios en Diseño y Comunicación. Ensayos;;1853-3523;Centro de Estudios en Diseño y Comunicación, Facultad de Diseño y Comunicación, Universidad de Palermo;true;false;true;false
Cuadernos del CILHA;;1852-9615;Centro Interdisciplinario de Literatura Hispanoamericana, Facultad de Filosofía y Letras, Universidad Nacional de Cuyo;true;true;true;true
CUADERNOS DEL CIMBAGE;1666-5112;1669-1830;UNIV BUENOS AIRES, CENT INVEST & METODOLOGIA BORRASA APL GESTION & ECON , AVE CORDOBA 2122 PISO 2, BUENOS AIRES, ARGENTINA, 1120;false;true;true;true
Cuadernos del CURIHAM (En línea);null;2683-8168;Facultad de Ciencias Exactas, Ingeniería y Agrimensura, Universidad Nacional de Rosario;true;true;true;false
Cuadernos del Instituto Nacional de Antropología y Pensamiento Latinoamericano.;null;2422-7749;Instituto Nacional de Antropología y Pensamiento Latinoamericano;false;false;true;false
Cuadernos del Sur.  Historia.;null;2362-2997;EDIUNS;false;false;true;false
Cuadernos del sur. Filosofía.;null;2362-2989;EdiUNS;false;false;true;false
Cuadernos del sur. Letras.;null;2362-2970;EDIUNS;false;false;true;false
Cuadernos filosóficos (Rosario);1850-3667;2683-9024;null;true;false;false;false
Cuadernos Medievales;2422-7471;2451-6821;Universidad Nacional de Mar del Plata;true;true;true;false
Cuadernos universitarios;2250-7124;2250-7132;EUCASA;false;false;true;false
Cuestiones de sociología;1668-1584;2346-8904;Universidad Nacional de La Plata. Facultad de Humanidades y Ciencias de la Educación;true;true;true;false
Cuestión urbana.;null;2545-6881;Centro de Estudios de Ciudad, Facultad de Ciencias Sociales, Universidad de Buenos Aires.;false;true;true;false
Cultura económica;1852-0588;1852-5342;Centro de Estudios en Economía y Cultura, Facultad de Ciencias Socíales y Económicas. Universidad Católica Argentina;false;true;true;false
Culturas;null;2362-5538;Ediciones UNL;false;true;true;false
Cuyo anuario de filosofía argentina y americana;1514-9935;1853-3175;null;true;false;false;false
Cuyonomics (Mendoza);null;2591-555X;Facultad de Ciencias Económicas Universidad Nacional de Cuyo;true;false;true;false
Cátedra paralela (En línea);null;2683-9393;Facultad de Ciencia Política y Relaciones Internacionales, Universidad Nacional de Rosario;true;false;true;false
Darwiniana;0011-6793;1850-1702;Instituto de Botánica Darwinion;false;true;false;true
Darwiniana, nueva serie;0011-6793;1850-1699;Instituto de Botánica Darwinion & Museo Botánico de Córdoba;true;false;false;false
Data & metadata.;null;2953-4917;Editorial Salud, Ciencia y Tecnología;false;false;true;false
DavarLogos;1666-7832;1853-9106;Universidad Adventista del Plata, Facultad de Teología;false;true;true;false
De prácticas y discursos;null;2250-6942;Universidad Nacional del Nordeste, Centro de Estudios Sociales;false;true;true;false
Debate universitario (Ciudad Autónoma de Buenos Aires);2314-1530;2314-2138;null;true;true;false;false
Del prudente saber y el máximo posible de sabor (En línea);null;2618-4141;Facultad de Ciencias de la Educación, Universidad Nacional de Entre Ríos;true;true;true;false
Delito y Sociedad: Revista de Ciencias Sociales;0328-0101;2468-9963;Universidad Nacional del Litoral;true;true;true;false
Derecho y ciencias sociales (La Plata);1852-2971;1853-0982;null;true;false;true;false
Dermatología argentina;1515-8411;1669-1636;Sociedad Argentina de Dermatología;true;false;true;false
Desarrollo económico;null;1853-8185;Instituto de Desarrollo Económico y Social;false;false;true;false
Desarrollo económico (Buenos Aires);null;0046-001X;null;true;false;false;false
Descentrada (Ensenada);null;2545-7284;Instituto de Investigaciones en Humanidades y Ciencias Sociales, Consejo Nacional de Investigaciones Científicas y Técnicas;true;true;true;false
Desde la Patagonia;null;2618-5385;Universidad Nacional del Comahue. Centro Regional Universitario Bariloche;false;false;true;false
deSignis;1578-4223;2462-7259;Federación Latinoamericana de Semiótica;false;true;false;true
Diaeta (Buenos Aires);0328-1310;1852-7337;null;true;false;false;false
Diferencia(s) (Ciudad Autónoma de Buenos Aires);null;2469-1100;Instituto de Investigaciones “Gino Germani”, Facultad de Ciencias Sociales, Universidad de Buenos Aires;true;true;true;false
Dios y el hombre;null;2618-2858;Universidad Nacional de La Plata;false;true;true;false
Divulgatio.;null;2591-3530;Universidad Nacional de Quilmes;false;true;true;false
Diálogos pedagógicos;null;2524-9274;Editorial de la Universidad Católica de Córdoba;false;true;true;false
Documentos y Aportes en Administración Pública y Gestión Estatal;1666-4124;1851-3727;Universidad Nacional del Litoral;true;false;false;true
Dominguezia;0327-2818;1669-6859;Universidad de Buenos Aires, Facultad de Farmacia y Bioquímica;false;true;false;false
E+E;1852-0278;1853-8088;Secretaría de Extensión, Facultad de Filosofía y Humanidades, Universidad de Córdoba;false;false;true;false
e-latina (Buenos Aires);null;1666-9606;null;true;true;false;true
Ecología Austral;0327-5477;1667-782X;null;true;true;false;false
Económica (La Plata);0013-0419;1852-1649;null;true;true;true;false
Ecos.;null;2718-6199;Universidad Nacional de La Plata;false;false;true;false
Educación en la química (En línea);null;2344-9683;Asociación de Educadores en la Química de la República Argentina;true;false;true;false
Educación Física y Ciencia;;2314-2561;Facultad de Humanidades y Ciencias de la Educación, Universidad Nacional de La Plata;true;true;true;true
Educación física, experiencias e investigaciones;null;1852-9372;Departamento de Educación Física, Centro Regional Universitario Bariloche, Universidad Nacional del Comahue;false;false;true;false
Educación y vínculos;null;2591-6327;Facultad de Ciencias de la Educación;true;false;true;false
Educación, Formación e Investigación;null;2422-5975;Ministerio de Educación, Dirección General de Educación Superior;false;true;false;false
Educación, lenguaje y sociedad;1668-4753;2545-7667;Universidad Nacional de La Pampa, Facultad de Ciencias Humanas, Instituto para el Estudio de la Educación, el Lenguaje y la Sociedad;true;false;true;false
El cardo (Paraná. En línea);null;1851-1562;Facultad de Ciencias de la Educación, Universidad Nacional de Entre Ríos;true;true;true;false
El jardín de los poetas;null;2469-2131;Facultad de Humanidades;false;true;true;false
El matadero;null;2683-9687;Facultad de Filosofía y Letras, Universidad de Buenos Aires;false;false;true;false
El oído pensante;null;2250-1776;null;true;false;false;false
El Oído Pensante;null;2250-7116;Universidad de Buenos Aires;false;true;true;true
El taco en la brea;null;2362-4191;Centro de Publicaciones de la Universidad Nacional del Litoral;true;true;true;false
En la otra isla;null;2796-9924;Instituto de Artes del Espectáculo, Facultad de Filosofía y Letras, Universidad de Buenos Aires;false;false;true;false
En Letra;null;2362-2148;null;false;true;false;false
En letra derecho penal;null;2469-0864;En Letra. Derecho Penal;false;false;true;false
Energías renovables y medio ambiente.;null;2684-0073;ASADES;false;false;true;false
Enfoques.;1514-6006;1669-2721;Universidad Adventista del Plata;true;true;true;true
Ensambles;null;2422-5541;Universidad Nacional de General Sarmiento;false;false;true;false
Ensayos de política económica;null;2313-979X;Universidad Católica Argentina. Facultad de Ciencias Económicas. Departamento de Investigación Francisco Valsecchi;false;true;true;false
Ensayos económicos.;null;1850-6046;Banco Central de la República Argentina;true;false;true;false
Epistemología e historia de la ciencia;null;2525-1198;Área de Filosofía, Centro de Investigaciones, Facultad de Filosofía y Humanidades, Escuela de Filosofía, Universidad Nacional de Córdoba;true;true;true;false
Epistemus;null;1853-0494;SACCoM - Sociedad Argentina para las Ciencias Cognitivas de la Música;false;true;true;false
Escena uno;null;2362-4000;Universidad Nacional del Centro de la Provincia de Buenos Aires, Facultad de Arte,  Instituto de Estudios Escenográficos en Artes Escénicas y Audiovisuales;false;false;true;false
Escritos contables y de administración (En línea);null;1853-2055;Universidad Nacional del Sur;true;true;true;false
Espacios en blanco. Serie indagaciones;1515-9485;2313-9927;Núcleo de Estudios Educacionales y Sociales;true;true;true;true
Estado abierto.;null;2618-4362;Instituto Nacional de la Administración Pública;false;false;true;false
Estudios de filosofía práctica e historia de las ideas;1515-7180;1851-9490;Qellqasqa;true;true;true;false
Estudios de historia de España;null;0328-0284;null;true;false;false;false
Estudios de historia de España.;null;2469-0961;Selectus;false;true;true;false
Estudios de teoría literaria;null;2313-9676;Universidad Nacional de Mar del Plata. Facultad de Humanidades. Grupo de Investigación Estudios de Teoría Literaria.;true;true;true;false
Estudios del Hábitat;null;2422-6483;Universidad Nacional de La Plata;false;false;true;true
Estudios del ISHiR;null;2250-4397;Investigaciones Socio-Históricas Regionales, CONICET;true;true;true;false
Estudios del trabajo;0327-5744;2545-7756;Asociación Argentina de Especialistas en Estudios del Trabajo;true;false;true;false
Estudios económicos (En línea);0425-368X;2525-1295;null;true;true;true;true
Estudios rurales;null;2250-4001;Centro de Estudios de la  Argentina Rural, Universidad Nacional de Quilmes;true;true;true;false
Estudios sociales contemporáneos (En línea);null;2451-5965;Facultad de Filosofía y Letras, Universidad Nacional de Cuyo;true;true;true;true
Estudios sociales del estado;null;2422-7803;Consejo Nacional de Investigaciones Científicas y Tecnicas , Centro de Investigaciones Sociales;true;true;true;false
Estudios sociales del NOA;0329-8256;2362-2482;Universidad de Buenos Aires. Facultad de Filosofía y Letras. Instituto Interdiciplinario Tilcara;false;false;true;false
ESTUDIOS SOCIALES-REVISTA UNIVERSITARIA SEMESTRAL;0327-4934;2250-6950;UNIV NAC LITORAL , CIUDAD UNIV, FAC BIOQUIM & CIENC BIOL, PARAJE POZO, SANTA FE, ARGENTINA, 53000;true;true;true;false
Estudios Socioterritoriales: Revista de Geografía;1515-6206;1853-4392;CONICET - UNCPBA. Instituto de Geografía, Historia y Ciencias Sociales. Centro de Investigaciones Geográficas.;true;true;true;false
Estudios y Perspectivas en Turismo;0327-5841;1851-1732;Centro de Investigaciones y Estudios Turísticos;true;false;false;true
ESTUDIOS-CENTRO DE ESTUDIOS AVANZADOS-UNIVERSIDAD NACIONAL DE CORDOBA;0328-185X;1852-1568;UNIV NAC CORDOBA, CENTRO ESTUDIOS AVANZADOS , AVE VELEZ SARSFIELD, 153, CORDOBA, ARGENTINA, 5000;true;true;false;false
Etcétera (Córdoba);null;2618-4281;Universidad Nacional de Córdoba;true;true;true;false
Etnografías contemporáneas (En línea);1669-2632;2451-8050;null;true;true;true;false
Evaluar (En línea);null;1667-4545;Facultad de Psicología, Universidad Nacional de Córdoba;true;true;true;false
Evidencia. Actualización en la Práctica Ambulatoria;1667-5703;1851-9776;null;false;true;false;false
Exlibris;null;2314-3894;Universidad de Buenos Aires. Facultad de Filosofía y Letras. Departamento de Letras.;false;true;true;false
Extensión en red;null;1852-9569;Universidad Nacional de La Plata. Facultad de Periodismo y Comunicación Social;false;true;true;false
FACES. Facultad de Ciencias Económicas y Sociales;null;1852-6535;Universidad Nacional de Mar del Plata, Facultad de Ciencias Económicas y Sociales;false;false;true;false
Fave: Sección Ciencias Agrarias;1666-7719;2346-9129;UNL;true;true;true;false
Filología;null;2422-6009;Universidad de Buenos Aires, Facultad de Filosofía y Letras, Instituto de Filología y Literaturas Hispánicas "Dr. Amado Alonso";true;true;true;false
Folia Histórica del Nordeste;0325-8238;2525-1627;Instituto de Investigaciones Geohistóricas- Conicet;true;true;true;false
Fonoaudiológica.;null;1668-9402;ASALFA;false;false;true;false
Fundamentos en Humanidades;1515-4467;1668-7116;Universidad Nacional de San Luis;false;false;false;true
Geoacta;0326-7237;1852-7744;null;true;false;false;false
Geograficando (La Plata);1850-1885;2346-898X;null;true;true;true;false
Geográfica digital;null;1668-5180;Instituto de Geografía, Facultad de Humanidades, Universidad Nacional del Nordeste;false;true;true;false
Grado Cero.;null;2683-9784;EditUCES;true;false;true;false
Gramma;null;1850-0161;Escuela de Letras, Facultad de Filosofía, Historia y Letras, Universidad del Salvador;false;false;true;false
H-industri@ (Ciudad Autónoma de Buenos Aires);null;1853-550X;null;true;true;false;false
Hematología (En línea);null;2250-8309;Sociedad Argentina de Hematología;true;true;true;false
Heterotopías.;null;2618-2726;Escuela de Letras. Facultad de Filosofía y Humanidades. Universidad Nacional de Córdoba;false;true;true;false
HILO DE LA FABULA;1667-7900;2362-5651;UNIV NAC LITORAL, FAC HUMANIDADES & CIENCIAS , CIUDAD UNIV, SANTA FE, ARGENTINA, 3000;true;true;true;false
Hipertextos;null;2314-3924;Universidad Maimónides, Editorial Científica y Literaria;false;true;true;false
Historia & Guerra.;null;2796-8650;Facultad de Filosofía y Letras de la Universidad de Buenos Aires;false;true;true;false
Historia de la educación anuario.;null;2313-9277;SAIEHE;true;true;true;false
HISTORIA NATURAL-CORRIENTES;0326-1778;1853-6581;HISTORIA NATURAL , CASILLA CORREO 26, CORRIENTES, ARGENTINA, 3400;false;false;false;false
Historia regional (Villa Constitución. En línea);null;0329-8213;null;true;true;true;false
Hologramática;null;1668-5024;Universidad Nacional de Lomas de Zamora, Facultad de Ciencias Sociales;false;false;true;false
HORNERO;0073-3407;1850-4884;ASOCIACION ORNITHOLOGICA DEL PLATA , 25 DE MAYO 749 2 PISO 6, BUENOS AIRES, ARGENTINA,;true;false;false;false
Horticultura argentina;0327-3431;1851-9342;Asociación Argentina de Horticultura;false;true;true;false
Huellas (Santa Rosa. En línea);0329-0573;2362-5643;null;true;true;true;false
Iberoamerican journal of project management (Mar del Plata);null;2346-9161;null;true;true;false;false
Ideas;2469-1178;2469-0899;Universidad del Salvador. Instituto de Investigaciones en Lenguas Modernas;false;false;true;false
Ideas;null;2451-6910;Red Argentina de Grupos de Investigación en Filosofía;false;true;true;false
Identidades;null;2250-5369;Instituto de Estudios Sociales y Políticos de la Patagonia;false;true;false;false
IDYM- Investigaciones en danza y movimiento.;null;2683-9318;Departamento de Artes del Movimiento (Universidad Nacional de las Artes);false;false;true;false
Imagofagia (Buenos Aires);null;1852-9550;null;true;true;false;false
Improntas de la historia y la comunicación;null;2469-0457;Universidad Nacional de La Plata, Facultad de Periodismo y Comunicación Social;false;true;true;false
Incipit;0326-0941;2683-9199;null;true;false;false;false
Información, cultura y sociedad: revista del Instituto de Investigaciones Bibliotecológicas;1514-8327;1851-1740;Universidad de Buenos Aires;true;true;true;true
Informes Científicos y Técnicos (Universidad Nacional de la Patagonia Austral);null;1852-4516;null;false;true;false;false
Ingenio tecnológico.;null;2618-4931;Universidad Tecnológica Nacional. Facultad Regional La Plata.;false;true;true;false
INNOVA UNTREF.;null;2618-1894;Universidad de Tres de Febrero (UNTREF);false;false;true;false
INSTITUTO SUPERIOR DE CORRELACION GEOLOGICA MISCELANEA;1514-4836;1668-3242;INST SUPERIOR CORRELACION GEOLOGICA , MIGUEL LILLO 205, SAN MIGUEL DE TUCUMAN, ARGENTINA, TUCUMAN, 4000;false;false;false;false
Insuficiencia cardíaca;1850-1044;1852-3862;null;true;false;false;true
Integración y conocimiento (En línea);null;2347-0658;null;true;false;true;false
Inter litteras;null;2683-9695;Facultad de Filosofía y Letras, Universidad de Buenos Aires;false;false;true;false
Interdisciplinaria;;1668-7027;Centro Interamericano de Investigaciones Psicológicas y Ciencias Afines (CIIPCA);true;true;true;true
Interdisciplinary Rehabilitation / Rehabilitación Interdisciplinaria;null;2953-5069;Editorial Salud, Ciencia y Tecnología;false;false;true;false
Intersecciones en antropología;;1850-373X;Universidad Nacional del Centro de la Provincia de Buenos Aires. Facultad de Ciencias Sociales;true;true;false;true
Intersecciones en Comunicación (En línea);null;2250-4184;null;true;true;true;false
Intersticios;null;2250-6543;Universidad Nacional de Córdoba. Facultad de Filosofía y Humanidades. Cátedra de Filosofía Argentina y Latinoamericana.;false;true;true;false
Invenio;null;0329-3475;Universidad del Centro Educativo Latinoamericano;false;false;false;true
INVESTIGA +.;null;2618-4370;Universidad Provincial de Córdoba;false;false;true;false
Investigaciones y ensayos.;null;2545-7055;Academia Nacional de la Historia;false;true;true;false
Investigando en Psicología.;null;2796-9002;Facultad de Psicología. Universidad Nacional de Tucumán.;false;false;true;false
InVet;1514-6634;1668-3498;Universidad de Buenos Aires;true;false;false;true
Itinerantes (San Miguel de Tucumán. En línea);null;2525-2178;Universidad del Norte Santo Tomás de Aquino;true;true;true;false
Itinerarios educativos (En línea);null;2362-5554;Universidad Nacional del Litoral;true;true;true;false
IXTLI;null;2408-4751;Asociación Latinoamericana de Filosofía de la educación;true;true;false;false
Journal de ciencias sociales;null;2362-194X;Universidad de Palermo;false;true;true;false
Journal of Applied Economics;1514-0326;1667-6726;null;true;false;false;false
Journal of Computer Science and Technology(Argentina);1666-6046;1666-6038;Facultad de Informatica, Universidad Nacional de La Plata;true;true;true;true
Kimün. Revista Interdisciplinaria de Formación Docente;null;2469-066X;Instituto de Formación Docente Continua de San Luis;false;true;false;false
Kurtziana;0075-7314;1852-5962;null;true;false;false;false
La aljaba;0328-6169;1669-5704;Universidad Nacional de La Pampa, Universidad Nacional del Comahue, Universidad Nacional de Luján;true;true;true;false
La rivada;null;2347-1085;Secretaría de Investigación y Posgrado. Facultad de Humanidades y Ciencias Sociales. Universidad Nacional de Misiones.;false;false;true;false
La Trama de la Comunicación;1668-5628;2314-2634;Universidad Nacional de Rosario;true;true;false;true
LATIN AMERICAN APPLIED RESEARCH;0327-0793;1851-8796;PLAPIQUI(UNS-CONICET) , CAMINO LA CARRINDANGA, KM 7, C C 717, BAHIA BLANCA, ARGENTINA, 8000;true;false;false;false
LATIN AMERICAN JOURNAL OF PHARMACY;0326-2383;2362-3853;COLEGIO FARMACEUTICOS PROVINCIA DE BUENOS AIRES , DEPT CIENTIFICO, CALLE 5 NO 966, LA PLATA, ARGENTINA, 00000;true;false;false;false
Latin American journal of sedimentology and basin analysis;;1851-4979;Asociación Argentina de Sedimentología;true;true;true;true
Latitud sur.;1850-3659;2683-9326;Universidad de Buenos Aires, Facultad de Ciencias Económicas, Centro de Investigación en Estudios Latinoamericanos para el Desarrollo y la Integración;false;false;true;false
Lavboratorio (En línea);null;1852-4435;Facultad de ciencias Sociales Universidad de Buenos Aires;true;false;true;true
Lecturas educación física y deportes;null;1514-3465;T. Guterman;false;false;true;false
Letras.;null;2683-7897;Facultad de Filosofía y Letras - UCA;false;false;true;false
LILLOA;0075-9481;2346-9641;FUNDACION MIGUEL LILLO , MIGUEL LILLO 251, SAN MIGUEL DE TUCUMAN, ARGENTINA, T4000JFE;true;true;true;false
Lúdicamente (Ciudad Autónoma de Buenos Aires);null;2250-723X;null;true;true;true;false
Magallánica;null;2422-779X;null;true;true;true;false
Marine and fishery sciences.;null;2683-7951;INIDEP;true;true;true;false
Masquedós (Tandil. En línea);null;2469-2158;Universidad Nacional del Centro de la Provincia de Buenos Aires;true;false;true;true
Mastozoología neotropical;0327-9383;1666-0536;null;true;false;false;false
MEDICINA-BUENOS AIRES;0025-7680;1669-9106;MEDICINA (BUENOS AIRES) , DONATO ALVAREZ 3150, BUENOS AIRES, ARGENTINA, 1427;true;false;false;false
Memoria Americana. Cuadernos de Etnohistoria;0327-5752;1851-3751;Universidad de Buenos Aires;true;true;true;true
Memorias, escritos y trabajos desde América Latina;null;2451-6643;Papel Cosido;false;false;true;false
Metatheoria;1853-2322;1853-2330;Editorial de la Universidad Nacional de Tres de Febrero (EDUNTREF);false;false;true;false
Metaverse Basic and Applied Research;null;2953-4577;Editorial Salud, Ciencia y Tecnología;false;false;true;false
Meteorológica;0325-187X;1850-468X;null;true;true;false;false
Millcayac;null;2362-616X;Universidad Nacional de Cuyo;false;false;true;true
Miríada: Investigación en Ciencias Sociales;1851-9431;2250-4621;Universidad del Salvador, Facultad de Ciencias Sociales, Instituto de Investigación en Ciencias Sociales;true;true;true;false
Mitológicas;0326-5676;1669-0982;Consejo Nacional de Investigaciones Científicas y Técnicas;false;false;false;true
Mora (Buenos Aires);;1853-001X;Universidad de Buenos Aires. Facultad de Filosofía y Letras.;true;true;true;false
Multequina (Mendoza);0327-9375;1852-7329;null;true;false;false;true
Mundo agrario;;1515-5994;Centro de Estudios Histórico-Rurales;true;true;true;true
Mundo de antes;1514-982X;2362-325X;Universidad Nacional de Tucumán. Facultad de Ciencias Naturales e Instituto Miguel Lillo. Instituto de Arqueología y Museo;true;true;true;false
Nimio;null;2469-1879;Papel Cosido;false;false;true;false
Nuevo itinerario (En línea);null;1850-3578;Universidad Nacional del Nordeste;true;true;true;false
Nuevo pensamiento;null;1853-7596;Universidad del Salvador, Facultad de Filosofía, Historia, Letras y Estudios Orientales, Instituto de Investigaciones Filosóficas;false;true;true;false
Observatorio latinoamericano;null;1853-2713;Universidad de Buenos Aires, Facultad de Ciencias Sociales, Instituto de Estudios de América Latina y el Caribe;false;false;true;false
Octante;null;2525-0914;Papel Cosido;false;false;true;false
Odisea: Revista de Estudios Migratorios;null;2408-445X;Universidad de Buenos Aires, Facultad de Ciencias Sociales, Instituto de Investigaciones Gino Germani;true;true;true;false
Oficios Terrestres;1668-5431;1853-3248;Universidad Nacional de la Plata, Facultad de Periodismo y Comunicación Social;false;true;false;false
Olivar: Revista de Literatura y Cultura Españolas;1515-1115;1852-4478;Universidad Nacional de La Plata, Facultad de Humanidades y Ciencias de la Educación, Secretaría de Investigación, Centro de Estudios de Teoría y Crítica Literaria;true;true;true;false
OMNIA.;null;2618-4699;Universidad Católica de Salta;true;false;true;false
Orbis tertius;0328-8188;1851-7811;Centro de Estudios de Teoría y Crítica, Facultad de Humanidades y Ciencias de la Educación, Universidad Nacional de La Plata;true;true;true;false
Orientación y sociedad;1515-6877;1851-8893;null;true;false;false;false
Otra economía;null;1851-4715;Universidad Nacional General Sarmiento;false;false;true;false
Palabra Clave [La Plata];1666-2938;1853-9912;Universidad Nacional de La Plata, Facultad de Humanidades y Ciencias de la Educación, Departamento de Bibliotecología;true;true;true;true
Pampa: Revista Interuniversitaria de Estudios Territoriales;1669-3299;2314-0208;Universidad Nacional del Litoral;true;true;false;false
Papeles de trabajo (Instituto de Altos Estudios Sociales. En línea);0327-6147;1851-2577;null;true;true;false;false
Papeles de trabajo – Centro de Estudios Interdisciplinarios en Etnolingüística Socio-Cultural;0327-6147;1852-4508;null;true;false;true;false
Papeles del Centro de Investigaciones de la Facultad de Ciencias Jurídicas y Sociales;null;2591-2852;Editorial UNL;false;true;true;false
Papers in physics;;1852-4249;Papers in Physics;true;true;false;false
Paraguay desde las ciencias sociales;null;2314-1638;Grupo de Estudios Sociales sobre Paraguay, Facultad de Ciencias Sociales, Universidad de Buenos Aires;false;true;true;false
Pasado abierto;null;2451-6961;Universidad Nacional de Mar del Plata;true;true;true;false
Patristica et mediaevalia.;null;2683-9636;Publicaciones Filosofía y Letras - UBA;true;true;true;false
Pensum (Córdoba);null;2469-0724;Facultad de Arquitectura, Urbanismo y Diseño Universidad Nacional de Córdoba;true;true;true;false
Perspectivas de las ciencias económicas y jurídicas;2250-4087;2545-8566;Universidad Nacional de la Pampa, Facultad de Ciencias Económicas y Jurídicas;true;true;true;false
Perspectivas en Psicología: Revista de Psicología y Ciencias Afines;1668-7175;1853-8800;Universidad Nacional de Mar del Plata;true;false;false;true
Perspectivas Revista de Ciencias Sociales;null;2525-1112;Centro de Investigaciones en Política y Economía Internacional (CIPEI);true;true;true;false
Pescadora de Perlas;2953-5093;2953-4410;null;false;true;false;false
Philosophia;0328-9672;2313-9528;Universidad Nacional de Cuyo;false;false;true;true
Physiological mini-reviews;null;1669-5410;Sociedad Argentina de Fisiología. Centro de Investigaciones Cardiovasculares. Facultad de Medicina. Universidad Nacional de La Plata.;false;false;true;false
Phyton-International Journal of Experimental Botany;1851-5657;0031-9457;Tech Science Press;false;false;false;false
Pirqas.;null;2684-0332;Instituto Superior de Formación Docente y Técnica 9-003 "Normal Superior";false;false;true;false
Plaza Pública: Revista de Trabajo Social;null;1852-2459;Universidad Nacional del Centro de la Provincia de Buenos Aires, Facultad de Ciencias Humanas. Carrera de Trabajo Social;false;true;false;false
Plurentes;null;1853-6212;Bachillerato de Bellas Artes "Prof. Francisco A. de Santo". Universidad Naiconal de La Plata;false;false;true;false
Poblacion y Sociedad;1852-8562;0328-3445;undefined;false;false;false;false
Población de Buenos Aires;null;2953-3538;Gobierno de la Ciudad de Buenos Aires;false;false;true;true
Población y sociedad;0328-3445;1852-8562;Instituto Superior de Estudios Sociales;true;true;true;true
Polhis (Mar del Plata);null;1853-7723;null;true;false;true;false
Polifonías;2314-0488;2314-0496;null;true;false;false;false
Políticas de la memoria (En línea);null;2683-7234;Universidad Nacional de San Martín;true;true;true;false
Praxis educativa (Santa Rosa);0328-9702;2313-934X;null;true;true;true;true
Prismas - Revista de Historia Intelectual;1666-1508;1852-0499;Universidad Nacional de Quilmes;true;true;true;true
PROBIOTA SERIE DOCUMENTOS;1666-7328;1666-731X;PROBIOTA , MUSEO DE LA PLATA , DIV ZOOLOGIA VERTEBRADOS, BUENOS AIRES, ARGENTINA, 000000;false;false;false;false
Prohistoria. Historia, políticas de la historia;null;1851-9504;Prohistoria Ediciones;true;true;true;true
Prometeica;null;1852-9488;Emiliano Aldegani;false;false;true;false
Prometeo conocimiento científico;null;2953-4275;Puerto Madero Editorial Académica;false;false;true;false
Propuesta educativa (Buenos Aires);0327-4829;1995-7785;null;true;false;false;true
Proyecciones.;null;1853-6352;Facultad Regional Buenos Aires, Universidad Tecnológica Nacional;false;false;true;false
Proyecciones.;null;2618-5474;Facultad de Ciencias Económicas. Universidad Nacional de La Plata. Argentina.;false;true;true;false
Proyección;null;1852-0006;Instituto de Cartografía, Investigación y Formación para el Ordenamiento Territorial;false;true;true;false
Prudentia iuris (En línea);null;2524-9525;Facultad de Derecho y Ciencias Políticas, Universidad Católica Argentina;true;true;true;false
Práctica arqueológica.;null;2618-2874;Asociación de Arqueólogos Profesionales de la República Argentina;false;true;true;false
Prácticas de oficio;null;1851-6076;null;true;false;false;false
Psicoanálisis en la universidad.;null;2683-9938;Universidad Nacional de Rosario. Facultad de Psicología. Departamento de Psicoanálisis;false;false;true;false
PSIENCIA. Revista Latinoamericana de Ciencia Psicológica;2250-5490;2250-5504;Asociación para el Avance de la Ciencia Psicológica;true;false;false;true
Psocial.;null;2422-619X;Universidad de Buenos Aires;true;true;true;true
Publicaciones de la Asociación Argentina de Humanidades Digitales;null;2718-7470;Universidad Nacional de La Plata;false;false;true;false
Publicación Electrónica de la Asociación Paleontológica Argentina;null;2469-0228;Asociación Paleontológica Argentina;true;true;true;false
Publicar en antropología y ciencias sociales (En línea);null;2250-7671;Colegio de Graduados en Antropología de la República Argentina;true;false;true;false
Punto Sur.;null;2683-7404;Instituto de Geografía Romualdo Ardissone. Facultad de Filosofía y Letras. Universidad de Buenos Aires;false;true;true;false
Pymes, innovación y desarrollo;null;2344-9195;Asociación Civil Red Pymes Mercosur;true;false;true;false
Páginas (Rosario);null;1851-992X;null;true;true;true;false
Páginas de filosofía (En línea);0327-5108;1853-7960;null;true;true;true;false
Párrafos geográficos.;null;1853-9424;IGEOPAT;true;true;true;false
QUID 16. Revista del Área de Estudios Urbanos;null;2250-4060;Universidad de Buenos Aires;true;true;true;true
Quinto sol;;1851-2879;Instituto de Estudios Socio-Históricos. Facultad de Ciencias Humanas. Universidad Nacional de La Pampa;true;true;true;true
Quintú quimün;null;2591-541X;Facultad de Lenguas;true;true;true;false
Química Viva;null;1666-7948;Universidad de Buenos Aires;true;false;false;true
Raigal;null;2469-1216;Universidad Nacional de Villa María, Instituto Académico Pedagógico de Ciencias Sociales;false;true;false;false
RASAL lingüística;;2618-3455;SOCIEDAD ARGENTINA DE ESTUDIO LINGÜÍSTICOS;true;true;true;false
Ratio Iuris;null;2347-0151;Editorial de la Universidad de Ciencias Empresariales y Sociales (EditUCES);false;false;true;false
Realidad económica.;null;2618-1711;Instituto Argentino para el Desarrollo Económico (IADE);true;false;true;false
Realidad, tendencias y desafíos en turismo (En línea);null;2545-6199;Facultad de Turismo, Universidad Nacional del Comahue;true;true;true;false
Recial;null;1853-4112;Universidad Nacional de Córdoba, Facultad de Filosofia y Humanidades, Centro de Investigaciones, Área Letras;false;true;false;false
Recial (En línea);null;2718-658X;Facultad de Filosofía y Humanidades, Universidad Nacional de Córdoba;true;false;true;false
Redes (Bernal);0328-3186;1851-7072;null;true;false;false;true
Registros;null;2250-8112;Universidad Nacional de Mar del Plata, Facultad de Arquitectura, Urbanismo y Diseño;false;true;true;false
Relaciones de la Sociedad Argentina de Antropología;0325-2221;1852-1479;null;true;true;true;false
Relaciones internacionales (La Plata);1515-3371;2314-2766;null;true;true;false;false
República y derecho (Mendoza);null;2525-1937;Facultad de Derecho, Universidad Nacional de Cuyo;true;false;true;false
Res Gesta;null;2525-0884;Instituto de Historia Facultad de Derecho y Ciencias Sociales del Rosario;true;true;true;false
Reseñas CeLeHis;null;2362-5031;Centro de Letras Hispanoamericanas, Facultad de Humanidades, Universidad Nacional de Mar del Plata;false;false;true;false
Reseñas de Enseñanza de la Historia;1668-8864;2796-9304;Asociación de Profesores de Enseñanza de la Historia de Universidades Nacionales -APEHUN-;false;true;true;false
Respirar;null;2953-3414;Asociación Latinoamerica de Tórax (ALAT);false;true;true;false
REVCOM;null;2451-7836;Red de Carreras de Comunicación Social y Periodismo de la Argentina (RedCom);false;true;true;false
RevIISE - Revista de Ciencias Sociales y Humanas;2250-5555;1852-6586;Universidad Nacional de San Juan;true;true;false;true
Revista Abierta de Informática Aplicada;null;2591-5320;Universidad Abierta Interamericana, Fundación Iberoamericana de Estudios Superiores;false;true;false;false
Revista ADENAG;null;1853-7367;Asociación de Docentes Nacionales de Administración General.;false;false;true;false
Revista administración pública y sociedad (En línea);null;2524-9568;null;true;true;true;false
Revista agronómica del noroeste argentino;0080-2069;2314-369X;null;true;false;false;false
Revista americana de medicina respiratoria;;1852-236X;Asociación Argentina de Medicina Respiratoria;true;false;false;true
Revista archivos de medicina familiar y general;null;1852-656X;Federación Argentina de Medicina Familiar y General;false;false;true;false
Revista Argentina de Anatomía Clínica;null;1852-8023;Asociación Argentina de Anatomía Clínica;true;true;false;false
Revista argentina de antropología biológica;;1514-7991;Asociación de Antropología Biológica Argentina;true;true;true;true
Revista argentina de cardiología;;1850-3748;Sociedad Argentina de Cardiología;true;false;false;true
Revista argentina de ciencia política (Buenos Aires);0329-3092;2683-9032;null;true;false;true;false
Revista Argentina de Ciencias del Comportamiento;null;1852-4206;Universidad Nacional de Córdoba;true;true;false;true
Revista argentina de cirugía;null;2250-639X;Asociación Argentina de Cirugía;true;true;true;false
Revista Argentina de Clínica Psicológica;0327-6716;1851-7951;Fundación Aiglé;true;false;false;true
Revista argentina de coloproctología;null;2683-7846;Sociedad Argentina de Coloproctologia;true;false;true;false
Revista argentina de derecho de la energía, hidrocarburos y minería.;null;2362-3195;Editorial Abaco de Rodolfo Depalma S.R.L;false;false;true;false
Revista argentina de dermatología;;1851-300X;Asociación Argentina de Dermatología;true;true;true;false
Revista argentina de educación superior;null;1852-8171;Universidad Tres de Febrero;false;false;true;false
Revista argentina de endocrinología y metabolismo (1983);0326-4610;1851-3034;null;true;false;false;false
Revista argentina de estudios de juventud;null;1852-4907;Universidad Nacional de La Plata, Facultad de Periodismo y Comunicación Social;false;true;true;false
Revista argentina de historiografía lingüística;null;1852-1495;null;true;false;false;false
Revista Argentina de Investigación Educativa.;null;2796-7433;Universidad Pedagógica Nacional;false;true;true;false
Revista argentina de medicina (En línea);null;2618-4311;Sociedad Argentina de Medicina;true;false;true;false
Revista argentina de microbiología;0325-7541;1851-7617;Asociación Argentina de Microbiología;true;true;false;true
Revista argentina de producción animal;0326-0550;2314-324X;null;true;false;false;false
Revista argentina de radiología;;1852-9992;Sociedad Argentina de Radiología (SAR) y Federación Argentina de Diagnóstico por Imágenes y Terapia Radiante (FAARDIT);true;true;false;true
Revista argentina de reumatología (1990);0327-4411;2362-3675;null;true;true;true;true
Revista Argentina de Salud Pública;1852-8724;1853-810X;Ministerio de Salud de la Nación Argentina;true;true;true;false
Revista Argentina de Sociología;1667-9261;1669-3248;Consejo de Profesionales en Sociología;false;false;false;true
Revista argentina de terapia intensiva;null;2591-3387;Sociedad Argentina de Terapia Intensiva;false;true;true;false
Revista Asia América Latina;null;2524-9347;EUDEBA;true;false;true;false
Revista Binacional Brasil - Argentina;null;2316-1205;Universidade Estadual do Sudoeste da Bahia;false;true;false;false
Revista bíblica.;null;2683-7153;Editorial Verbo Divino;true;false;true;false
Revista chuy;null;2422-5932;Universidad Nacional de Tres de Febrero. Instituto de Investigaciones en Arte y Cultura;true;true;true;false
Revista científica;null;2525-0396;Secretaría de Planeamiento, Facultad de Ingeniería, Universidad Nacional de Lomas de Zamora;false;true;true;false
Revista Científica Arbitrada de la Fundación MenteClara;null;2469-0783;Fundación MenteClara;false;true;true;true
Revista Científica de la Facultad de Derecho y Ciencias Sociales y Políticas.;null;2953-4232;Universidad Nacional del Nordeste.;false;false;true;false
Revista Científica de UCES;null;2591-5266;EDITUCES - Editorial de la Universidad de Ciencias Empresariales y Sociales (UCES);false;false;true;false
Revista Científica y Técnica Agropecuaria, Agroindustrial y Ambiental.;null;2796-9142;Facultad de Ciencias Agrarias Universidad Nacional de Lomas de Zamora;false;false;true;false
Revista colección;null;1850-003X;Pontificia Universidad Católica Argentina - Facultad de Ciencias Sociales - Departamento de Ciencias Políticas y Relaciones Internacionales;true;true;true;false
Revista Comunicación, Política y Seguridad.;null;2683-7374;Instituto de Investigaciones Gino Germani;false;false;true;false
Revista conexiones.;null;2591-3344;Universidad de la Cuenca del Plata;false;false;true;false
Revista contenciosa;null;2347-0011;Universidad Nacional del Litoral. Facultad de Humanidades y Ciencias. Centro de Estudios Sociales Interdisciplinarios del Litoral.;true;true;true;false
Revista de arqueología histórica argentina y latinoamericana.;1851-3190;2344-9918;Asociación de Arqueólogos Profesionales de la República Argentina;true;true;true;false
Revista de ciencia y tecnología (Posadas);0329-8922;1851-7587;null;true;true;true;false
Revista de ciencias empresariales;2468-9785;2468-9807;Cordoba Management School, Escuela de Negocios de la Universidad Blas Pascal;false;true;true;false
Revista de Culturas y Literaturas Comparadas;null;2591-3883;Facultad de Lenguas. Universidad Nacional de Córdoba;false;true;true;false
Revista de economía política de Buenos Aires;1850-6933;1853-1350;Universidad de Buenos Aires. Facultad de Ciencias Económicas;true;true;true;false
Revista de Economía y Estadística;0034-8066;2451-7321;Instituto de Economía y Finanzas, Facultad de Ciencias Económicas, Universidad Nacional de Códoba.;false;true;true;false
Revista de educación;1853-1318;1853-1326;Editorial de la Universidad Nacional de Mar del Plata;true;true;true;false
Revista de educación en biología (En línea);null;2344-9225;Asociación de Docentes en Ciencias Biológicas de la Argentina;true;true;true;false
Revista de educación matemática.;null;1852-2890;Universidad Nacional de Córdoba. Facultad de Matemática, Astronomía, Física y Computación.;false;true;true;false
Revista de enseñanza de la física (En línea);null;2250-6101;Facultad de Matemática, Astronomía, Física y Computación, Universidad Nacional de Córdoba;true;true;true;false
Revista de estudios clásicos;null;2469-0643;Instituto de Lenguas y Literaturas Clásicas, Facultad de Filosofía y Letras, Universidad Nacional de Cuyo;true;true;true;false
Revista de estudios marítimos y sociales (En línea);null;2545-6237;Universidad Nacional de Mar del Plata;true;true;true;false
Revista de Estudios sobre Genocidio;1851-8184;2362-3985;Universidad Nacional de Tres de Febrero, Centro de Estudios sobre Genocidio;false;true;false;false
Revista de extensión universitaria +E (En línea);null;2346-9986;null;true;true;true;true
Revista de filosofía y teoría política;0328-6223;2314-2553;Universidad Nacional de La Plata. Facultad de Humanidades y Ciencias de la Educación. Departamento de Filosofía.;true;false;true;false
Revista de geografía (San Juan);1514-1942;2618-2084;null;true;false;true;false
Revista de geología aplicada a la ingeniería y el ambiente (En línea);null;2422-5703;Asociación Argentina de Geología Aplicada a la Ingeniería;true;true;true;false
Revista de historia americana y argentina;0556-5960;2314-1549;Universidad Nacional de Cuyo, Facultad de Filosofía y Letras, Instituto de Historia;true;true;true;false
Revista de historia de las prisiones;null;2451-6473;Universidad Nacional de Tucumán;true;false;true;false
Revista de historia del derecho;;1853-1784;Instituto de Investigaciones de Historia del Derecho;true;false;false;false
Revista de historia universal.;null;2683-8869;Universidad Nacional de Cuyo, Facultad de Filosofía y Letras;false;false;true;false
Revista de investigación en modelos financieros;2250-687X;2250-6861;Centro de Investigación en Métodos Cuantitativos Aplicados a la Economía y la Gestión, Facultad de Ciencias Económicas, Universidad de Buenos Aires;false;false;true;false
Revista de investigación y disciplinas.;null;2683-9040;Centro de Informática Educativa;false;false;true;false
Revista de la Asociación Argentina de Ortopedia y Traumatología;1515-1786;1852-7434;Asociación Argentina de Ortopedia y Traumatología;true;true;true;false
Revista de la Asociación Geológica Argentina;0004-4822;1851-8249;null;true;false;false;false
Revista de la Asociación Odontológica Argentina;;2683-7226;Asociación Odontológica Argentina;true;true;false;false
Revista de la carrera de sociología;null;1853-6484;Universidad de Buenos Aires, Facultad de Ciencias Sociales, Carrera de Sociología;false;true;true;false
Revista de la Escuela de Antropología.;null;2618-2998;FHUMYAR Ediciones;true;true;true;false
Revista de la Escuela de Ciencias de la Educación;1851-6297;2362-3349;Universidad Nacional de Rosario;true;true;true;true
Revista de la Escuela de Perfeccionamiento en Investigación Operativa;0329-7322;1853-9777;Universidad Nacional del Centro de la Provincia de Buenos Aires. Facultad de Ciencias Económicas. Escuela de Perfeccionamiento en Investigación Operativa.;false;false;true;false
Revista de la Facultad;1850-9371;2314-3061;null;true;false;false;false
Revista de la Facultad de Agronomía (La Plata);0041-8676;1669-9513;null;true;true;true;false
Revista de la Facultad de Ciencias Agrarias. Universidad Nacional de Cuyo;;1853-8665;Revista de la Facultad de Ciencias Agrarias. Universidad Nacional de Cuyo;true;true;true;true
Revista de la Facultad de Ciencias Económicas (En línea);null;1668-6365;Universidad Nacional del Nordeste;true;true;true;false
Revista de la Facultad de Ciencias Médicas de Córdoba;0014-6722;1853-0605;Universidad Nacional de Córdoba, Facultad de Ciencias Médicas;true;true;true;false
Revista de la Facultad de Odontología.;null;2683-7986;Universidad Nacional del Nordeste, Facultad de Odontología (FOUNE);false;false;true;false
Revista de la Facultad de Odontología.;null;2545-7594;Universidad Nacional de Córdoba;false;false;true;false
Revista de la Facultad de Odontología. Universidad de Buenos Aires.;null;1668-8538;Universidad de Buenos Aires. Facultad de Odontología;true;false;true;false
REVISTA DE LA FEDERACION ARGENTINA DE CARDIOLOGIA;0326-646X;1666-5694;FEDERACION ARGENTINA CARDIOLOGIA , BULNES 1004, BUENOS AIRES, ARGENTINA, C1176ABT;false;false;false;false
Revista de la Red de Intercátedras de Historia de América Latina Contemporánea;null;2250-7264;Universidad Nacional de Córdoba, Facultad de Filosofía, Escuela de Historia, Historia de América;false;true;true;false
Revista de la Sociedad Argentina de Diabetes.;null;2346-9420;Sociedad Argentina de Diabetes/Sello Editorial Lugones;true;true;true;false
Revista de la Sociedad Entomológica Argentina;0373-5680;1851-7471;Sociedad Entomológica Argentina;true;true;false;true
Revista de la Unión Matemática Argentina;0041-6932;1669-9637;Unión Matemática Argentina;false;true;false;false
Revista de lengua y literatura;null;2408-4646;Universidad Nacional del Comahue, Facultad de Humanidades, Departamento de Letras;false;false;true;false
Revista de literaturas modernas.;null;2683-8389;Instituto de Literaturas Modernas, Facultad de Filosofía y Letras, Universidad Nacional de Cuyo;false;false;true;false
Revista de Medicina Veterinaria;null;1852-771X;Sociedad de Medicina Veterinaria;false;false;true;false
Revista de nefrología, diálisis y trasplante;null;2346-8548;Asociación Regional de Diálisis y Trasplantes Renales de Capital Federal y Provincia de Buenos Aires;true;true;true;true
Revista de psicología (La Plata, 2008, En línea);null;2422-572X;Facultad de Psicología, Universidad Nacional de La Plata;true;true;true;false
Revista de psicología.;null;2469-2050;Departamento de Psicología, Facultad de Psicología y Psicopedagogía, Pontificia Universidad Católica Argentina;true;true;true;false
Revista de salud pública (Córdoba);1853-1180;1852-9429;null;true;true;false;false
Revista debate público;null;1853-6654;Universidad de Buenos Aires, Facultad de Ciencias Sociales, Carrera de Trabajo Social;false;false;true;false
Revista del Centro de Estudios de Sociología del Trabajo;1852-4648;1852-494X;Universidad de Buenos Aires, Facultad de Ciencias Económicas, Centro de Estudios de Sociología del Trabajo;true;true;true;false
Revista del CISEN;null;2344-9594;Universidad Nacional de Salta, Centro de Investigaciones Sociales y Educativas del Norte Argentino;false;true;false;false
Revista del Hospital de Niños;0521-517X;2314-1239;Hospital de Niños Ricardo Gutiérrez;false;true;false;false
Revista del Hospital Italiano de Buenos Aires;null;2314-3312;Instituto Universitario Hospital Italiano de Buenos Aires;false;true;false;false
Revista del Hospital Materno Infantil Ramón Sardá;null;1514-9838;Hospital Materno Infantil Ramón Sardá;false;false;false;true
Revista del IICE (Ciudad Autónoma de Buenos Aires, En línea);null;2451-5434;Facultad de Filosofía y Letras Universidad de Buenos Aires;true;true;true;false
Revista del Instituto de Historia Antigua Oriental "Dr. Abraham Rosenvasser".;null;2683-9660;Universidad de Buenos Aires, Facultad de Filosofía y Letras;false;false;true;false
Revista del Instituto de Investigaciones en Educación.;null;1853-1393;Instituto de Investigaciones en Educación UNNE;false;true;true;false
Revista del Instituto Superior de Música (En línea);null;2362-3322;Ediciones UNL;false;true;true;false
REVISTA DEL MUSEO ARGENTINO DE CIENCIAS NATURALES;1514-5158;1853-0400;MUSEO ARGENTINO CIENCIAS NATURALES BERNARDINO RIVADAVIA, INST , AV ANGEL GALLARDO 470, BUENOS AIRES, ARGENTINA, 00000;true;true;false;false
Revista del Museo de Antropología;1852-060X;1852-4826;Museo de Antropología;true;true;true;false
REVISTA DEL MUSEO DE LA PLATA;2545-6369;2545-6377;UNIV NACIONAL LA PLATA, FAC CIENCIAS NATURALES MUSEO , PASEO DEL BOSQUE, AVENIDAS 60 Y 122, LA PLATA, ARGENTINA, BUENOS AIRES, 00000;false;true;true;false
Revista derecho y salud (En línea);null;2591-3476;null;true;true;true;false
Revista derechos en acción (En línea);null;2525-1686;Facultad de Derecho, Universidad Nacional de La Plata;true;true;true;false
Revista digital de políticas lingüísticas;null;1853-3256;Universidad Nacional de Córdoba, Facultad de Lenguas;false;true;true;false
Revista Digital del Departamento de Ingeniería e Investigaciones Tecnológicas;null;2525-1333;Departamento de Ingeniería e Investigaciones Tecnológicas de la Universidad Nacional de La Matanza;false;false;true;false
Revista digital del Instituto Internacional de Costos.;null;2718-8507;Instituto Internacional de Costos;false;false;true;false
Revista Discusiones.;null;2718-6474;EdiUns;true;true;true;false
Revista electrónica (Instituto de Investigaciones Jurídicas y Sociales Ambrosio L. Gioja);null;1851-3069;null;true;false;true;true
Revista electrónica de derecho internacional contemporáneo (En línea);null;2618-303X;null;true;true;true;false
Revista Electrónica de Didáctica en Educación Superior;null;1853-3159;Universidad de Buenos Aires, Ciclo Básico Común, Biología para el Tercer Milenio;false;true;false;false
Revista Electrónica de divulgación de STEM de la Facultad de Ingeniería de la Universidad Nacional de la Patagonia San Juan Bosco.;null;2683-8648;REDIUNP;true;false;true;false
Revista electrónica de fuentes y archivos;null;1853-4503;Centro de Estudios "Prof. Carlos S. A. Segreti";true;true;true;false
Revista Electrónica de Investigación en Educación en Ciencias;null;1850-6666;Universidad Nacional del Centro de la Provincia de Buenos Aires;true;true;true;true
Revista electrónica de la Cátedra Jean Monnet de la Facultad de Derecho de la Universidad de Buenos Aires.;null;2346-9196;Centro de Excelencia Jean Monnet Integración Regional & Derechos Humanos de la Facultad de Derecho de la Universidad de Buenos Aires;false;false;true;false
Revista Elektrón;null;2525-0159;Universidad de Buenos Aires, Facultad de Ingeniería;true;true;true;false
Revista enfermería neonatal.;null;2591-6424;FUNDASAMIN-Fundación para la Salud Materno Infantil;true;true;true;false
Revista entramados;null;2422-6459;Universidad Nacional de Mar del Plata. Facultad de Humanidades. Centro de Investigaciones Multidisciplinarias en Educación. Grupo de Investigaciones en Educación y Estudios Culturales;true;true;true;false
Revista estudios ambientales;null;2347-0941;Universidad Nacional del Centro de la Provincia de Buenos Aires, Facultad de Ciencias Humanas, Centro de Investigaciones y Estudios Ambientales;false;true;true;false
Revista Eurolatinoamericana de Derecho Administrativo;null;2362-583X;Universidad Nacional del Litoral;true;true;true;true
Revista FAVE. Sección Ciencias veterinarias;;2362-5589;Universidad Nacional del Litoral;true;true;true;true
Revista Foro de Educación Musical, Artes y Pedagogía;2545-7101;2525-1317;Mutual Arte y Educación. Editorial Arte y Pedagogía;false;true;false;false
Revista Hormigón;null;2718-9058;Asociación Argentina de Tecnología del Hormigón;false;false;true;false
Revista Iberoamericana de Ciencia, Tecnología y Sociedad - CTS;1668-0030;1850-0013;Consejo Nacional de Investigaciones Científicas y Técnicas;true;false;true;true
Revista iberoamericana de la propiedad intelectual;null;2422-569X;Universidad Austral (Argentina), Universidad de La Sabana (Colombia), Universidad Panamericana (México).;false;true;true;false
Revista Iberoamericana de Tecnología en Educación y Educación en Tecnología;1851-0086;1850-9959;Red de Universidades Nacionales con Carreras de Informática;true;true;true;false
Revista Industrial y Agrícola de Tucumán;0370-5404;1851-3018;Estación Experimental Agroindustrial Obi;true;true;false;false
Revista integración y cooperación internacional;null;1852-9798;Vanesa Castello;false;false;true;false
Revista interdisciplinaria de estudios sociales.;null;2469-1860;Ediciones del CEISO;false;false;true;false
Revista interdisciplinaria de fenomenología;null;2718-8698;EditUCES;false;false;true;false
Revista IRICE (En línea);null;2618-4052;null;true;true;true;false
Revista Jurídica Austral.;null;2684-057X;Universidad Austral;true;true;true;false
Revista Latinoamericana de Antropología del Trabajo;null;2591-2755;Consejo Nacional de Investigaciones Científicas y Técnicas;true;true;true;true
Revista latinoamericana de estudios críticos animales;null;2346-920X;Instituto Latinoamericano de Estudios Críticos Animales (Institute of Critical Animal Studies);true;false;true;false
Revista latinoamericana de estudios rurales;null;2525-1635;Asociación Latinoamericana de Sociología Rural (ALASRU);true;true;true;false
Revista Latinoamericana de Estudios sobre Cuerpos, Emociones y Sociedad;null;1852-8759;Universidad Nacional de Córdoba;true;true;false;true
Revista latinoamericana de filosofía;;1852-7353;Centro de Investigaciones Filosóficas;true;true;true;false
Revista Latinoamericana de Filosofía Política;null;2250-8619;null;true;true;false;false
REVISTA LATINOAMERICANA DE LA PAPA;1019-6609;1853-4961;ASOC LATINOAMERICANA PAPA , ASOC LATINOAMERICANA PAPA, BALCARCE, ARGENTINA, 00000;false;true;true;false
Revista latinoamericana de metodología de la investigación social;null;1853-6190;null;true;true;false;false
Revista latinoamericana de metodología de las ciencias sociales;null;1853-7863;Centro Interdisciplinario de Metodología de las Ciencias Sociales, Facultad de Humanidades y Ciencias de la Educación, Universidad Nacional de La Plata;true;true;true;false
Revista latinoamericana de políticas y administración de la educación;null;2408-4573;Núcleo Interdisciplinario de Formación y Estudios para el Desarrollo de la Educación (NIFEDE), Universidad Nacional de Tres de Febrero (UNTREF);true;false;true;false
Revista latinoamericana de psicología existencial;null;1853-3051;Fundación CAPAC;false;false;true;false
Revista latinoamericana en discapacidad, sociedad y derechos humanos;null;2525-1643;Red Iberoamericana de Expertos sobre la Convención de los Derechos de las Personas con Discapacidad;false;true;true;false
Revista Lecciones y Ensayos;0024-0079;2362-4620;Universidad de Buenos Aires, Facultad de Derecho;false;true;false;false
Revista Methodo;null;2545-8302;Universidad Católica de Córdoba - Facultad de Ciencias de la Salud;false;true;true;false
Revista Médica de Rosario;0327-5019;1851-2135;Círculo Médico de Rosario;false;true;false;false
Revista notas de enfermería.;null;2618-3692;Sanatorio Allende, Departamento de Enfermaría;true;false;true;false
Revista Pares;null;2718-8582;Revista Pares;false;true;true;false
Revista Pilquen: Sección Ciencias Sociales;null;1851-3123;Universidad Nacional del Comahue, Centro Universitario Regional Zona Atlántica;true;true;true;true
Revista Pilquen: Sección Psicopedagogía;null;1851-3115;Universidad Nacional del Comahue, Centro Universitario Regional Zona Atlántica;false;true;false;false
Revista POSTData: Revista de Reflexión y Análisis Político;1151-209X;1851-9601;Grupo Interuniversitario Postdata;true;false;false;true
Revista prefacio.;null;2591-3905;Escuela de Bibliotecología. Facultad de Filosofía y Humanidades de la Universidad Nacional de Córdoba;true;false;true;false
Revista psicodebate: psicología, cultura y sociedad.;;2451-6600;Universidad de Palermo;true;true;true;false
Revista Quebracho;0328-0543;1851-3026;Universidad Nacional de Santiago del Estero, Facultad de Ciencias Forestales;true;true;false;true
Revista question;null;1669-6581;Universidad Nacional de La Plata, Facultad de Periodismo y Comunicación Social;false;true;true;false
Revista SAAP. Publicación de Ciencia Política de la Sociedad Argentina de Análisis Político;1666-7883;1853-1970;Sociedad Argentina de Análisis Político;true;false;true;true
Revista sociedad.;null;2618-3137;Facultad de Ciencias Sociales de la Universidad de Buenos Aires;false;false;true;false
REVISTA TEFROS;1669-726X;1667-9229;UNIV NACL RIO CUARTO, TALLER ETNOHISTORIA FRONTERA SUR , ENLACE RUTA 36, KM 601, RIO CUARTO, CORDOBA, ARGENTINA, X5000BYA;true;true;true;false
Revista Teología.;null;2683-7307;Ediciones Facultad de Teología;true;true;true;false
Revista Tramas y Redes;null;2796-9096;Consejo Latinoamericano de Ciencias Sociales;false;true;false;true
Revista Transporte y Territorio;null;1852-7175;Universidad de Buenos Aires;true;false;true;true
Revista UCES D.G. "Enseñanza y aprendizaje del diseño;null;2344-9551;Editorial de la Universidad de Ciencias Empresariales y Sociales;false;true;true;false
Revista Unidad Sanitaria XXI.;null;2718-8388;Palabras del Viento Pampa;false;false;true;false
Revista Universitaria de Geografía;;1852-4265;Departamento de Geografía y Turismo. Universidad Nacional del Sur.;true;false;false;true
REVISTA VETERINARIA-CORRIENTES;1668-4834;1669-6840;UNIV NACIONAL NORDESTE-UNNE , INST ICTIOLOGIA, FAC CIENCIAS VET, SARGENTO CABRAL 2139, CORRIENTES, ARGENTINA, 3400;true;false;false;false
Revista – Escuela de historia;1667-4162;1669-9041;null;true;false;false;true
Rey Desnudo: Revista de Libros;null;2314-1204;null;false;true;false;false
RIA: Revista Investigaciones Agropecuarias;0325-8718;1669-2314;Instituto Nacional de Tecnología Agropecuaria (INTA);true;true;false;true
RiHumSo;null;2250-8139;Universidad Nacional de La Matanza, Departamento de Humanidades y Ciencias Sociales;true;true;true;true
Rince;null;1851-3239;Universidad Nacional de la Matanza, Departamento de Ciencias Económicas;false;true;false;false
Runa;;1851-9628;Instituto de Ciencias Antropológicas, Facultad de Filosofía y Letras, Universidad de Buenos Aires;true;true;true;true
Rétor;null;1853-6034;Asociación Argentina de Retórica;false;false;true;false
Saberes (Rosario);1852-4184;1852-4222;null;true;true;true;false
Saberes y Prácticas: Revista de Filosofía y Educación;null;2525-2089;null;false;true;true;false
SADIO electronic journal of informatics and operations research.;null;1514-6774;Sociedad Argentina de Informática e Investigación Operativa (SADIO);true;false;true;false
Salud (i) Ciencia;1667-8990;1667-8982;Sociedad Iberoamericana de Informacion Cientifica;false;false;false;false
SALUD COLECTIVA;1669-2381;1851-8265;UNIVERSIDAD NACIONAL DE LANUS , 29 DE SEPTIEMBRE 3901, LANUS, BUENOS AIRES, ARGENTINA, CP 1826;true;true;true;true
Salud ConCiencia;null;2953-5247;Puerto Madero Editorial Académica;false;false;true;false
Salud(i)Ciencia;1667-8682;1667-8990;Sociedad Iberoamericana de Informaciòn cientìfica;true;false;false;false
Salud, Ciencia y Tecnología;null;2796-9711;Editorial Salud, Ciencia y Tecnología;true;false;true;false
Salud, Ciencia y Tecnología - Serie de Conferencias;null;2953-4860;Editorial Salud, Ciencia y Tecnología;false;false;true;false
Scripta Ethnologica;0325-6669;1669-0990;Consejo Nacional de Investigaciones Científicas y Técnicas;false;true;true;true
Scripta mediaevalia (En línea);null;2362-4868;Facultad de Filosofía y Letras, Universidad Nacional de Cuyo;true;false;true;false
Semiárida;null;2408-4077;Universidad Nacional de la Pampa;false;true;true;false
Serie correlación geológica;;1666-9479;Instituto Superior de Correlación Geológica (INSUGEO-CONICET/UNT);true;true;false;false
Siglo Dieciocho;null;2684-0553;Asociación Argentina de Estudios del Siglo XVIII;false;true;true;false
Signo y seña (En línea);0327-8956;2314-2189;null;true;true;true;false
Sociedad y Religión: Sociología, Antropología e Historia de la Religión en el Cono Sur;0326-9795;1853-7081;Consejo Nacional de Investigaciones Científicas y Técnicas;true;false;false;true
Sociedades precapitalistas;null;2250-5121;Universidad Nacional de La Plata, Facultad de Humanidades y Ciencias de la Educación;true;true;true;false
Sociohistórica (continúa de Cuadernos del CISH);1853-6344;1852-1606;null;true;true;true;false
Studia politicae;1669-7405;2408-4182;null;true;false;false;false
Studium: Filosofía y Teología;0329-8930;2591-426X;Universidad del Norte Santo Tomás de Aquino;true;true;true;false
Subjetividad y procesos cognitivos (En línea);null;1852-7310;Universidad de Ciencias Empresariales y Sociales;true;false;true;true
Sudamérica (Mar del Plata, En línea);null;2314-1174;Universidad Nacional de Mar del Plata;true;true;true;false
SYNTHESIS-LA PLATA;0328-1205;1851-779X;UNIV NAC LA PLATA, FAC HUMANIDADES & CIENCIAS EDUC , CALLE 48 E-6 & 7,PISO 5, OF 517, LA PLATA, ARGENTINA, BUENOS AIRES, 1900;true;true;true;true
Tableros;null;2525-1589;Papel Cosido;false;false;true;false
Teatro XXI;null;2683-8451;Facultad de Filosofía y Letras, Universidad de Buenos Aires;false;false;true;false
Technology rain journal;null;2953-464X;Editorial Kolibri;false;false;true;false
Tecnología y ciencia (En línea);null;1666-6933;Universidad Tecnológica Nacional;true;true;true;false
Telar (En línea);1668-2963;1668-3633;null;true;true;true;false
Telondefondo : Revista de Teoría y Crítica Teatral;null;1669-6301;Facultad de Filosofía y Letras (UBA);false;true;true;false
Temas de historia argentina y americana (En línea);null;2618-1924;Facultad de Ciencias Sociales, Pontificia Universidad Católica Argentina;true;true;true;false
Temas Medievales;0327-5094;1850-2628;Departamento de Investigaciones Medievales, Inst. Multidisciplin. de Historia y Ciencias Humanas;true;false;false;false
TEMAS Y DEBATES;1666-0714;1853-984X;UNIV NAC ROSARIO, FAC CIENCIAS POLITICAS & RELACIONES INT , RIOMBA & BERUTTI C U R, ROSARIO, ARGENTINA, 2000;true;true;true;false
Temas y Problemas de Comunicación.;null;2718-6423;Facultad de Ciencias Humanas - Universidad Nacional de Río Cuarto;false;false;true;false
Tesla revista científica;null;2796-9320;Puerto Madero Editorial Académica;false;false;true;false
Testimonios;null;1852-4532;Asociación de Historia Oral de la República Argentina;false;true;true;false
Textos y contextos desde el sur;null;2347-081X;Universidad Nacional de la Patagonia San Juan Bosco;false;true;true;false
Theomai;1666-2830;1515-6443;Red Internacional de Estudios sobre Sociedad, Naturaleza y Desarrollo;false;false;false;true
Tobacco Prevention and Cessation;null;2459-3087;European Network for Smoking and Tobacco Prevention;false;true;false;false
Toma uno;2313-9692;2250-4524;Universidad Nacional de Córdoba. Facultad de Artes. Departamento de Cine y TV;true;false;true;false
Trabajo y sociedad (Santiago del Estero);null;1514-6871;null;true;true;true;true
Trabajos y comunicaciones – Departamento de Historia (La Plata);0325-173X;2346-8971;null;true;true;true;false
Tram[p]as;null;2314-274X;Universidad Nacional de La Plata, Facultad de Periodismo y Comunicación Social;false;false;true;false
Travesía (San Miguel de Tucumán);0329-9449;2314-2707;null;true;false;false;false
Tábano (En línea);null;2591-572X;Universidad Católica Argentina;true;true;true;false
Tópicos;1666-485X;1668-723X;Asociación Revista de Filosofía de Santa Fe;false;true;true;true
Tópicos (Santa Fe);1666-485X;1666-723X;null;true;false;false;false
Unidad sociológica;null;2362-1850;F. L. Abiuso;false;false;true;false
Urbania;null;2591-5681;Arqueocoop Ltda;false;true;true;false
Vertex Revista Argentina de Psiquiatría.;null;2718-904X;Editorial Polemos;true;false;true;false
Virtualidad, educación y ciencia;null;1853-6530;Maestría en Procesos Educativos Mediados por Tecnología, Centro de Estudios Avanzados, Universidad Nacional de Córdoba;false;true;true;false
Visión de futuro;1668-8708;1669-7634;Facultad de Ciencias Económicas, Universidad Nacional de Misiones;true;true;true;true
Vivienda y Ciudad;null;2422-670X;Universidad Nacional de Córdoba, Facultad de Arquitectura, Urbanismo y Diseño, Instituto de Investigación de Vivienda y Hábitat;false;true;false;false
Vivomatografías;null;2469-0767;Vivomatografías. Revista de estudios sobre precine y cine silente en Latinoamérica;false;true;true;false
Zama.;null;2422-6017;Instituto de Literatura Hispanoamericana, Facultad de Filosofía y Letras, Universidad de Buenos Aires.;false;false;true;false
Zaranda de Ideas;2408-3801;1853-1296;Asociacion de Arqueologos Profesionales de la Republica Argentina;true;true;true;false
Zona franca (Rosario, En línea);null;2545-6504;Facultad de Humanidades y Artes, Universidad Nacional de Rosario;true;true;true;false
Ágora UNLaR;null;2545-6024;Universidad Nacional de La Rioja;false;false;true;false
Área.;null;2591-5312;Secretaría de Investigaciones, Facultad de Arquitectura, Diseño y Urbanismo, Universidad de Buenos Aires;true;true;true;false
Ética y Cine Journal;2250-5415;2250-5660;Universidad de Buenos Aires;true;true;true;true
Ética y discurso.;null;2525-1090;Qellqasqa Editorial;false;false;true;false
Ñeatá.;null;2718-7268;Universidad Nacional del Nordeste;false;true;true;false
